"","Series","Season","Episode","IMDB.Ranking","Air.date","Bechdel.Wallace.Test","Female.Director","Female.Executive.Producer","Female.Producer","Female.Co.Producer","Female.Associate.Producer","Female.Writer","Female.Other.Producer"
"1","TOS",1,1,7.3,1966-09-08,"FALSE","FALSE","FALSE","FALSE","FALSE","FALSE","FALSE","358"
"2","TOS",1,2,7.2,1966-09-15,"FALSE","FALSE","FALSE","FALSE","FALSE","FALSE","FALSE","358"
"3","TOS",1,3,7.8,1966-09-22,"FALSE","FALSE","FALSE","FALSE","FALSE","FALSE","FALSE","358"
"4","TOS",1,4,8,1966-09-29,"FALSE","FALSE","FALSE","FALSE","FALSE","FALSE","FALSE","358"
"5","TOS",1,5,7.8,1966-10-06,"FALSE","FALSE","FALSE","FALSE","FALSE","FALSE","FALSE","358"
"6","TOS",1,6,6.9,1966-10-13,"FALSE","FALSE","FALSE","FALSE","FALSE","FALSE","FALSE","358"
"7","TOS",1,7,7.6,1966-10-20,"FALSE","FALSE","FALSE","FALSE","FALSE","FALSE","FALSE","358"
"8","TOS",1,8,7.1,1966-10-27,"FALSE","FALSE","FALSE","FALSE","FALSE","FALSE","FALSE","358"
"9","TOS",1,9,7.5,1966-11-03,"FALSE","FALSE","FALSE","FALSE","FALSE","FALSE","FALSE","358"
"10","TOS",1,10,8.2,1966-11-10,"FALSE","FALSE","FALSE","FALSE","FALSE","FALSE","FALSE","358"
"11","TOS",1,11,8.4,1966-11-17,"FALSE","FALSE","FALSE","FALSE","FALSE","FALSE","FALSE","358"
"12","TOS",1,12,8.3,1966-11-24,"FALSE","FALSE","FALSE","FALSE","FALSE","FALSE","FALSE","358"
"13","TOS",1,13,7.3,1966-12-08,"FALSE","FALSE","FALSE","FALSE","FALSE","FALSE","FALSE","358"
"14","TOS",1,14,9,1966-12-15,"FALSE","FALSE","FALSE","FALSE","FALSE","FALSE","FALSE","358"
"15","TOS",1,15,7.7,1966-12-29,"FALSE","FALSE","FALSE","FALSE","FALSE","FALSE","FALSE","358"
"16","TOS",1,16,7.8,1967-01-05,"FALSE","FALSE","FALSE","FALSE","FALSE","FALSE","FALSE","358"
"17","TOS",1,17,7.5,1967-01-12,"FALSE","FALSE","FALSE","FALSE","FALSE","FALSE","FALSE","358"
"18","TOS",1,18,8.1,1967-01-19,"FALSE","FALSE","FALSE","FALSE","FALSE","FALSE","FALSE","358"
"19","TOS",1,19,8,1967-01-26,"FALSE","FALSE","FALSE","FALSE","FALSE","FALSE","FALSE","358"
"20","TOS",1,20,7.5,1967-02-02,"FALSE","FALSE","FALSE","FALSE","FALSE","FALSE","FALSE","358"
"21","TOS",1,21,7.3,1967-02-09,"FALSE","FALSE","FALSE","FALSE","FALSE","FALSE","FALSE","358"
"22","TOS",1,22,8.9,1967-02-16,"FALSE","FALSE","FALSE","FALSE","FALSE","FALSE","FALSE","358"
"23","TOS",1,23,8.2,1967-02-23,"FALSE","FALSE","FALSE","FALSE","FALSE","FALSE","FALSE","358"
"24","TOS",1,24,8,1967-03-02,"FALSE","FALSE","FALSE","FALSE","FALSE","FALSE","FALSE","358"
"25","TOS",1,25,8.5,1967-03-09,"FALSE","FALSE","FALSE","FALSE","FALSE","FALSE","FALSE","358"
"26","TOS",1,26,8.3,1967-03-23,"FALSE","FALSE","FALSE","FALSE","FALSE","FALSE","FALSE","358"
"27","TOS",1,27,5.9,1967-03-30,"FALSE","FALSE","FALSE","FALSE","FALSE","FALSE","FALSE","358"
"28","TOS",1,28,9.3,1967-04-06,"FALSE","FALSE","FALSE","FALSE","FALSE","FALSE","FALSE","358"
"29","TOS",1,29,7.7,1967-04-13,"FALSE","FALSE","FALSE","FALSE","FALSE","FALSE","FALSE","358"
"30","TOS",2,1,8.8,1967-09-15,"FALSE","FALSE","FALSE","FALSE","FALSE","FALSE","FALSE","358"
"31","TOS",2,2,7.3,1967-09-22,"FALSE","FALSE","FALSE","FALSE","FALSE","FALSE","FALSE","358"
"32","TOS",2,3,7.8,1967-09-29,"TRUE","FALSE","FALSE","FALSE","FALSE","FALSE","FALSE","358"
"33","TOS",2,4,9.2,1967-10-06,"FALSE","FALSE","FALSE","FALSE","FALSE","FALSE","FALSE","358"
"34","TOS",2,5,6.5,1967-10-13,"FALSE","FALSE","FALSE","FALSE","FALSE","FALSE","FALSE","358"
"35","TOS",2,6,8.8,1967-10-20,"FALSE","FALSE","FALSE","FALSE","FALSE","FALSE","FALSE","358"
"36","TOS",2,7,6.3,1967-10-27,"FALSE","FALSE","FALSE","FALSE","FALSE","FALSE","FALSE","358"
"37","TOS",2,8,7.5,1967-11-03,"TRUE","FALSE","FALSE","FALSE","FALSE","FALSE","FALSE","358"
"38","TOS",2,9,7.4,1967-11-10,"FALSE","FALSE","FALSE","FALSE","FALSE","FALSE","FALSE","358"
"39","TOS",2,10,8.6,1967-11-17,"FALSE","FALSE","FALSE","FALSE","FALSE","FALSE","FALSE","358"
"40","TOS",2,11,7,1967-12-01,"FALSE","FALSE","FALSE","FALSE","FALSE","FALSE","FALSE","358"
"41","TOS",2,12,7.5,1967-12-08,"FALSE","FALSE","FALSE","FALSE","FALSE","FALSE","FALSE","358"
"42","TOS",2,13,7.4,1967-12-15,"FALSE","FALSE","FALSE","FALSE","FALSE","FALSE","FALSE","358"
"43","TOS",2,14,7.5,1967-12-22,"FALSE","FALSE","FALSE","FALSE","FALSE","FALSE","FALSE","358"
"44","TOS",2,15,8.9,1967-12-29,"FALSE","FALSE","FALSE","FALSE","FALSE","FALSE","FALSE","358"
"45","TOS",2,16,7.1,1968-01-05,"FALSE","FALSE","FALSE","FALSE","FALSE","FALSE","FALSE","358"
"46","TOS",2,17,7.9,1968-01-12,"FALSE","FALSE","FALSE","FALSE","FALSE","FALSE","FALSE","358"
"47","TOS",2,18,7.7,1968-01-19,"FALSE","FALSE","FALSE","FALSE","FALSE","FALSE","FALSE","358"
"48","TOS",2,19,7,1968-02-02,"FALSE","FALSE","FALSE","FALSE","FALSE","FALSE","FALSE","358"
"49","TOS",2,20,7.6,1968-02-09,"FALSE","FALSE","FALSE","FALSE","FALSE","FALSE","FALSE","358"
"50","TOS",2,21,7.7,1968-02-16,"FALSE","FALSE","FALSE","FALSE","FALSE","FALSE","FALSE","358"
"51","TOS",2,22,7.7,1968-02-23,"FALSE","FALSE","FALSE","FALSE","FALSE","FALSE","FALSE","358"
"52","TOS",2,23,6.3,1968-03-01,"FALSE","FALSE","FALSE","FALSE","FALSE","FALSE","FALSE","358"
"53","TOS",2,24,8.1,1968-03-08,"FALSE","FALSE","FALSE","FALSE","FALSE","FALSE","FALSE","358"
"54","TOS",2,25,7.3,1968-03-15,"FALSE","FALSE","FALSE","FALSE","FALSE","FALSE","FALSE","358"
"55","TOS",2,26,7.7,1968-03-29,"FALSE","FALSE","FALSE","FALSE","FALSE","FALSE","FALSE","358"
"56","TOS",3,1,5.7,1968-09-20,"FALSE","FALSE","FALSE","FALSE","FALSE","FALSE","FALSE","358"
"57","TOS",3,2,8.6,1968-09-27,"FALSE","FALSE","FALSE","FALSE","FALSE","FALSE","FALSE","358"
"58","TOS",3,3,6.9,1968-10-04,"FALSE","FALSE","FALSE","FALSE","FALSE","FALSE","FALSE","358"
"59","TOS",3,4,5.3,1968-10-11,"FALSE","FALSE","FALSE","FALSE","FALSE","FALSE","FALSE","358"
"60","TOS",3,5,7.1,1968-10-18,"FALSE","FALSE","FALSE","FALSE","FALSE","FALSE","FALSE","358"
"61","TOS",3,6,7.4,1968-10-25,"FALSE","FALSE","FALSE","FALSE","FALSE","FALSE","FALSE","358"
"62","TOS",3,7,8,1968-11-01,"FALSE","FALSE","FALSE","FALSE","FALSE","FALSE","FALSE","358"
"63","TOS",3,8,7.3,1968-11-08,"FALSE","FALSE","FALSE","FALSE","FALSE","FALSE","FALSE","358"
"64","TOS",3,9,8.2,1968-11-15,"FALSE","FALSE","FALSE","FALSE","FALSE","FALSE","FALSE","358"
"65","TOS",3,10,6.7,1968-11-22,"FALSE","FALSE","FALSE","FALSE","FALSE","FALSE","FALSE","358"
"66","TOS",3,11,7.5,1968-11-29,"FALSE","FALSE","FALSE","FALSE","FALSE","FALSE","FALSE","358"
"67","TOS",3,12,6.7,1968-12-06,"FALSE","FALSE","FALSE","FALSE","FALSE","FALSE","FALSE","358"
"68","TOS",3,13,7.3,1968-12-20,"FALSE","FALSE","FALSE","FALSE","FALSE","FALSE","FALSE","358"
"69","TOS",3,14,7.1,1969-01-03,"FALSE","FALSE","FALSE","FALSE","FALSE","FALSE","FALSE","358"
"70","TOS",3,15,7.3,1969-01-10,"FALSE","FALSE","FALSE","FALSE","FALSE","FALSE","FALSE","358"
"71","TOS",3,16,6.7,1969-01-17,"FALSE","FALSE","FALSE","FALSE","FALSE","FALSE","FALSE","358"
"72","TOS",3,17,6.7,1969-01-24,"FALSE","FALSE","FALSE","FALSE","FALSE","FALSE","FALSE","358"
"73","TOS",3,18,6.3,1969-01-31,"TRUE","FALSE","FALSE","FALSE","FALSE","FALSE","FALSE","358"
"74","TOS",3,19,7.6,1969-02-14,"FALSE","FALSE","FALSE","FALSE","FALSE","FALSE","FALSE","358"
"75","TOS",3,20,5.6,1969-02-21,"FALSE","FALSE","FALSE","FALSE","FALSE","FALSE","FALSE","358"
"76","TOS",3,21,7.2,1969-02-28,"TRUE","FALSE","FALSE","FALSE","FALSE","FALSE","FALSE","358"
"77","TOS",3,22,6.9,1969-03-07,"FALSE","FALSE","FALSE","FALSE","FALSE","FALSE","FALSE","358"
"78","TOS",3,23,8.4,1969-03-14,"FALSE","FALSE","FALSE","FALSE","FALSE","FALSE","FALSE","358"
"79","TOS",3,24,7,1969-06-03,"TRUE","FALSE","FALSE","FALSE","FALSE","FALSE","FALSE","358"
"80","TNG",1,1,7,1987-09-28,"TRUE","FALSE","FALSE","FALSE","FALSE","FALSE","FALSE","358"
"81","TNG",1,2,7,1987-09-28,"TRUE","FALSE","FALSE","FALSE","FALSE","FALSE","FALSE","358"
"82","TNG",1,3,6.6,1987-10-05,"TRUE","FALSE","FALSE","FALSE","FALSE","FALSE","FALSE","358"
"83","TNG",1,4,5.3,1987-10-12,"FALSE","FALSE","FALSE","FALSE","FALSE","FALSE","FALSE","358"
"84","TNG",1,5,6.4,1987-10-19,"TRUE","FALSE","FALSE","FALSE","FALSE","FALSE","FALSE","358"
"85","TNG",1,6,7.6,1987-10-26,"FALSE","FALSE","FALSE","FALSE","FALSE","FALSE","FALSE","358"
"86","TNG",1,7,6.4,1987-11-02,"FALSE","FALSE","FALSE","FALSE","FALSE","FALSE","FALSE","358"
"87","TNG",1,8,6.1,1987-11-09,"TRUE","FALSE","FALSE","FALSE","FALSE","FALSE","FALSE","358"
"88","TNG",1,9,6.9,1987-11-16,"FALSE","FALSE","FALSE","FALSE","FALSE","FALSE","FALSE","358"
"89","TNG",1,10,7,1987-11-23,"FALSE","FALSE","FALSE","FALSE","FALSE","FALSE","FALSE","358"
"90","TNG",1,11,6.3,1987-11-30,"TRUE","FALSE","FALSE","FALSE","FALSE","FALSE","FALSE","358"
"91","TNG",1,12,7.4,1988-01-11,"FALSE","FALSE","FALSE","FALSE","FALSE","FALSE","FALSE","358"
"92","TNG",1,13,7.8,1988-01-18,"FALSE","FALSE","FALSE","FALSE","FALSE","FALSE","FALSE","358"
"93","TNG",1,14,5.8,1988-01-25,"TRUE","FALSE","FALSE","FALSE","FALSE","FALSE","FALSE","358"
"94","TNG",1,15,7.6,1988-02-01,"FALSE","FALSE","FALSE","FALSE","FALSE","FALSE","FALSE","358"
"95","TNG",1,16,6.2,1988-02-08,"FALSE","FALSE","FALSE","FALSE","FALSE","FALSE","FALSE","358"
"96","TNG",1,17,6.4,1988-02-15,"TRUE","FALSE","FALSE","FALSE","FALSE","FALSE","FALSE","358"
"97","TNG",1,18,6.9,1988-02-22,"FALSE","FALSE","FALSE","FALSE","FALSE","FALSE","FALSE","358"
"98","TNG",1,19,7.2,1988-03-14,"FALSE","FALSE","FALSE","FALSE","FALSE","FALSE","FALSE","358"
"99","TNG",1,20,7.3,1988-03-21,"FALSE","FALSE","FALSE","FALSE","FALSE","FALSE","FALSE","358"
"100","TNG",1,21,7.2,1988-04-11,"FALSE","FALSE","FALSE","FALSE","FALSE","FALSE","FALSE","358"
"101","TNG",1,22,7,1988-04-18,"FALSE","FALSE","FALSE","FALSE","FALSE","FALSE","FALSE","358"
"102","TNG",1,23,7,1988-04-25,"FALSE","FALSE","FALSE","FALSE","FALSE","FALSE","FALSE","358"
"103","TNG",1,24,6.7,1988-05-02,"TRUE","FALSE","FALSE","FALSE","FALSE","FALSE","FALSE","358"
"104","TNG",1,25,8.2,1988-05-09,"FALSE","FALSE","FALSE","FALSE","FALSE","FALSE","FALSE","358"
"105","TNG",1,26,7.5,1988-05-16,"TRUE","FALSE","FALSE","FALSE","FALSE","FALSE","FALSE","358"
"106","TOS",0,0,7.7,1988-10-01,"FALSE","FALSE","FALSE","FALSE","FALSE","FALSE","FALSE","358"
"107","TNG",2,1,5.9,1988-11-21,"TRUE","FALSE","FALSE","FALSE","FALSE","FALSE","FALSE","358"
"108","TNG",2,2,7.2,1988-11-28,"TRUE","FALSE","FALSE","FALSE","FALSE","FALSE","FALSE","358"
"109","TNG",2,3,8.2,1988-12-05,"FALSE","FALSE","FALSE","FALSE","FALSE","FALSE","FALSE","358"
"110","TNG",2,4,6.4,1988-12-12,"FALSE","FALSE","FALSE","FALSE","FALSE","FALSE","FALSE","358"
"111","TNG",2,5,6.6,1989-01-09,"FALSE","FALSE","FALSE","FALSE","FALSE","FALSE","FALSE","358"
"112","TNG",2,6,7.1,1989-01-23,"TRUE","FALSE","FALSE","FALSE","FALSE","FALSE","FALSE","358"
"113","TNG",2,7,6.6,1989-01-30,"TRUE","FALSE","FALSE","FALSE","FALSE","FALSE","FALSE","358"
"114","TNG",2,8,8.2,1989-02-06,"FALSE","FALSE","FALSE","FALSE","FALSE","FALSE","FALSE","358"
"115","TNG",2,9,9.1,1989-02-13,"FALSE","FALSE","FALSE","FALSE","FALSE","FALSE","FALSE","358"
"116","TNG",2,10,6.3,1989-02-20,"TRUE","FALSE","FALSE","FALSE","FALSE","FALSE","FALSE","358"
"117","TNG",2,11,7.7,1989-03-20,"FALSE","FALSE","FALSE","FALSE","FALSE","FALSE","FALSE","358"
"118","TNG",2,12,6.7,1989-03-27,"FALSE","FALSE","FALSE","FALSE","FALSE","FALSE","FALSE","358"
"119","TNG",2,13,7.6,1989-04-03,"FALSE","FALSE","FALSE","FALSE","FALSE","FALSE","FALSE","358"
"120","TNG",2,14,6.4,1989-04-24,"TRUE","FALSE","FALSE","FALSE","FALSE","FALSE","FALSE","358"
"121","TNG",2,15,6.9,1989-05-01,"TRUE","FALSE","FALSE","FALSE","FALSE","FALSE","FALSE","358"
"122","TNG",2,16,9,1989-05-08,"FALSE","FALSE","FALSE","FALSE","FALSE","FALSE","FALSE","358"
"123","TNG",2,17,6.6,1989-05-15,"FALSE","FALSE","FALSE","FALSE","FALSE","FALSE","FALSE","358"
"124","TNG",2,18,6.4,1989-05-22,"FALSE","FALSE","FALSE","FALSE","FALSE","FALSE","FALSE","358"
"125","TNG",2,19,6.2,1989-06-19,"TRUE","FALSE","FALSE","FALSE","FALSE","FALSE","FALSE","358"
"126","TNG",2,20,7.7,1989-06-26,"TRUE","FALSE","FALSE","FALSE","FALSE","FALSE","FALSE","358"
"127","TNG",2,21,7.8,1989-07-10,"FALSE","FALSE","FALSE","FALSE","FALSE","FALSE","FALSE","358"
"128","TNG",2,22,3.5,1989-07-17,"FALSE","FALSE","FALSE","FALSE","FALSE","FALSE","FALSE","358"
"129","TNG",3,1,6.7,1989-09-25,"TRUE","FALSE","FALSE","FALSE","FALSE","FALSE","FALSE","358"
"130","TNG",3,2,7.5,1989-10-02,"FALSE","FALSE","FALSE","FALSE","FALSE","FALSE","FALSE","358"
"131","TNG",3,3,7.7,1989-10-09,"TRUE","FALSE","FALSE","FALSE","FALSE","FALSE","FALSE","358"
"132","TNG",3,4,8.1,1989-10-16,"TRUE","FALSE","FALSE","FALSE","FALSE","FALSE","FALSE","358"
"133","TNG",3,5,6.7,1989-10-23,"FALSE","FALSE","FALSE","FALSE","FALSE","FALSE","FALSE","358"
"134","TNG",3,6,7.5,1989-10-30,"FALSE","TRUE","FALSE","FALSE","FALSE","FALSE","FALSE","358"
"135","TNG",3,7,7.9,1989-11-06,"FALSE","FALSE","FALSE","FALSE","FALSE","FALSE","FALSE","358"
"136","TNG",3,8,6.4,1989-11-13,"TRUE","FALSE","FALSE","FALSE","FALSE","FALSE","FALSE","358"
"137","TNG",3,9,6.6,1989-11-20,"FALSE","FALSE","FALSE","FALSE","FALSE","FALSE","FALSE","358"
"138","TNG",3,10,8.5,1990-01-01,"FALSE","FALSE","FALSE","FALSE","FALSE","FALSE","FALSE","358"
"139","TNG",3,11,7.6,1990-01-08,"FALSE","FALSE","FALSE","FALSE","FALSE","FALSE","FALSE","358"
"140","TNG",3,12,6.9,1990-01-29,"FALSE","TRUE","FALSE","FALSE","FALSE","FALSE","FALSE","358"
"141","TNG",3,13,8.6,1990-02-05,"FALSE","FALSE","FALSE","FALSE","FALSE","FALSE","FALSE","358"
"142","TNG",3,14,6.9,1990-02-12,"FALSE","FALSE","FALSE","FALSE","FALSE","FALSE","FALSE","358"
"143","TNG",3,15,9.2,1990-02-19,"TRUE","FALSE","FALSE","FALSE","FALSE","FALSE","FALSE","358"
"144","TNG",3,16,8.6,1990-03-12,"TRUE","FALSE","FALSE","FALSE","FALSE","FALSE","FALSE","358"
"145","TNG",3,17,8.3,1990-03-19,"FALSE","FALSE","FALSE","FALSE","FALSE","FALSE","FALSE","358"
"146","TNG",3,18,7.5,1990-03-26,"FALSE","FALSE","FALSE","FALSE","FALSE","FALSE","FALSE","358"
"147","TNG",3,19,7.3,1990-04-02,"FALSE","FALSE","FALSE","FALSE","FALSE","FALSE","FALSE","358"
"148","TNG",3,20,7.4,1990-04-23,"FALSE","FALSE","FALSE","FALSE","FALSE","FALSE","FALSE","358"
"149","TNG",3,21,7.9,1990-04-30,"FALSE","FALSE","FALSE","FALSE","FALSE","FALSE","FALSE","358"
"150","TNG",3,22,7.8,1990-05-07,"FALSE","FALSE","FALSE","FALSE","FALSE","FALSE","FALSE","358"
"151","TNG",3,23,8.2,1990-05-14,"TRUE","FALSE","FALSE","FALSE","FALSE","FALSE","FALSE","358"
"152","TNG",3,24,6.7,1990-05-28,"TRUE","FALSE","FALSE","FALSE","FALSE","FALSE","FALSE","358"
"153","TNG",3,25,7,1990-06-04,"TRUE","FALSE","FALSE","FALSE","FALSE","FALSE","FALSE","358"
"154","TNG",3,26,9.3,1990-06-18,"FALSE","FALSE","FALSE","FALSE","FALSE","FALSE","FALSE","358"
"155","TNG",4,1,9.3,1990-09-24,"FALSE","FALSE","FALSE","FALSE","FALSE","TRUE","FALSE","358"
"156","TNG",4,2,8.3,1990-10-01,"TRUE","FALSE","FALSE","FALSE","FALSE","TRUE","FALSE","358"
"157","TNG",4,3,7.9,1990-10-08,"FALSE","FALSE","FALSE","FALSE","FALSE","TRUE","FALSE","358"
"158","TNG",4,4,6.6,1990-10-15,"FALSE","TRUE","FALSE","FALSE","FALSE","TRUE","FALSE","358"
"159","TNG",4,5,7.9,1990-10-22,"TRUE","FALSE","FALSE","FALSE","FALSE","TRUE","FALSE","358"
"160","TNG",4,6,6.8,1990-10-29,"TRUE","FALSE","FALSE","FALSE","FALSE","TRUE","FALSE","358"
"161","TNG",4,7,8.4,1990-11-05,"TRUE","FALSE","FALSE","FALSE","FALSE","TRUE","FALSE","358"
"162","TNG",4,8,7.9,1990-11-12,"FALSE","FALSE","FALSE","FALSE","FALSE","TRUE","FALSE","358"
"163","TNG",4,9,6.9,1990-11-19,"TRUE","FALSE","FALSE","FALSE","FALSE","TRUE","FALSE","358"
"164","TNG",4,10,6.1,1990-12-31,"TRUE","FALSE","FALSE","FALSE","FALSE","TRUE","FALSE","358"
"165","TNG",4,11,8.2,1991-01-07,"FALSE","FALSE","FALSE","FALSE","FALSE","TRUE","FALSE","358"
"166","TNG",4,12,8.3,1991-01-28,"FALSE","FALSE","FALSE","FALSE","FALSE","TRUE","FALSE","358"
"167","TNG",4,13,7.4,1991-02-04,"FALSE","FALSE","FALSE","FALSE","FALSE","TRUE","FALSE","358"
"168","TNG",4,14,8.4,1991-02-11,"TRUE","FALSE","FALSE","FALSE","FALSE","TRUE","FALSE","358"
"169","TNG",4,15,8.1,1991-02-18,"TRUE","FALSE","FALSE","FALSE","FALSE","TRUE","FALSE","358"
"170","TNG",4,16,7.2,1991-03-11,"TRUE","FALSE","FALSE","FALSE","FALSE","TRUE","FALSE","358"
"171","TNG",4,17,7.3,1991-03-18,"TRUE","FALSE","FALSE","FALSE","FALSE","TRUE","FALSE","358"
"172","TNG",4,18,6.9,1991-03-25,"TRUE","FALSE","FALSE","FALSE","FALSE","TRUE","FALSE","358"
"173","TNG",4,19,8.1,1991-04-01,"FALSE","FALSE","FALSE","FALSE","FALSE","TRUE","FALSE","358"
"174","TNG",4,20,7.4,1991-04-22,"FALSE","FALSE","FALSE","FALSE","FALSE","TRUE","FALSE","358"
"175","TNG",4,21,8.4,1991-04-29,"FALSE","FALSE","FALSE","FALSE","FALSE","TRUE","FALSE","358"
"176","TNG",4,22,7.4,1991-05-06,"FALSE","FALSE","FALSE","FALSE","FALSE","TRUE","FALSE","358"
"177","TNG",4,23,6.6,1991-05-13,"TRUE","FALSE","FALSE","FALSE","FALSE","TRUE","FALSE","358"
"178","TNG",4,24,7.8,1991-05-27,"FALSE","FALSE","FALSE","FALSE","FALSE","TRUE","FALSE","358"
"179","TNG",4,25,7.2,1991-06-03,"FALSE","FALSE","FALSE","FALSE","FALSE","TRUE","FALSE","358"
"180","TNG",4,26,8.5,1991-06-17,"FALSE","FALSE","FALSE","FALSE","FALSE","TRUE","FALSE","358"
"181","TNG",5,1,8.4,1991-09-23,"TRUE","FALSE","FALSE","FALSE","FALSE","TRUE","FALSE","358"
"182","TNG",5,2,8.7,1991-09-30,"TRUE","FALSE","FALSE","FALSE","FALSE","TRUE","FALSE","358"
"183","TNG",5,3,7.9,1991-10-07,"TRUE","FALSE","FALSE","FALSE","FALSE","TRUE","FALSE","358"
"184","TNG",5,4,7.3,1991-10-14,"TRUE","FALSE","FALSE","FALSE","FALSE","TRUE","FALSE","358"
"185","TNG",5,5,7.9,1991-10-21,"TRUE","TRUE","FALSE","FALSE","FALSE","TRUE","FALSE","358"
"186","TNG",5,6,7.5,1991-10-28,"TRUE","FALSE","FALSE","FALSE","FALSE","TRUE","FALSE","358"
"187","TNG",5,7,8.3,1991-11-04,"FALSE","FALSE","FALSE","FALSE","FALSE","TRUE","FALSE","358"
"188","TNG",5,8,8.4,1991-11-11,"FALSE","FALSE","FALSE","FALSE","FALSE","TRUE","FALSE","358"
"189","TNG",5,9,7.4,1991-11-18,"FALSE","FALSE","FALSE","FALSE","FALSE","TRUE","FALSE","358"
"190","TNG",5,10,6.6,1992-01-06,"FALSE","FALSE","FALSE","FALSE","FALSE","TRUE","FALSE","358"
"191","TNG",5,11,6.7,1992-01-27,"FALSE","FALSE","FALSE","FALSE","FALSE","TRUE","FALSE","358"
"192","TNG",5,12,6.4,1992-02-03,"TRUE","FALSE","FALSE","FALSE","FALSE","TRUE","FALSE","358"
"193","TNG",5,13,6.9,1992-02-10,"TRUE","FALSE","FALSE","FALSE","FALSE","TRUE","FALSE","358"
"194","TNG",5,14,8.3,1992-02-17,"TRUE","FALSE","FALSE","FALSE","FALSE","TRUE","FALSE","358"
"195","TNG",5,15,7.5,1992-02-24,"TRUE","FALSE","FALSE","FALSE","FALSE","TRUE","FALSE","358"
"196","TNG",5,16,7.4,1992-03-02,"TRUE","FALSE","FALSE","FALSE","FALSE","TRUE","FALSE","358"
"197","TNG",5,17,6.8,1992-03-16,"TRUE","FALSE","FALSE","FALSE","FALSE","TRUE","FALSE","358"
"198","TNG",5,18,9,1992-03-23,"TRUE","FALSE","FALSE","FALSE","FALSE","TRUE","FALSE","358"
"199","TNG",5,19,8,1992-03-30,"TRUE","FALSE","FALSE","FALSE","FALSE","TRUE","FALSE","358"
"200","TNG",5,20,6.4,1992-04-20,"TRUE","FALSE","FALSE","FALSE","FALSE","TRUE","FALSE","358"
"201","TNG",5,21,7.5,1992-04-27,"FALSE","FALSE","FALSE","FALSE","FALSE","TRUE","FALSE","358"
"202","TNG",5,22,6.2,1992-05-04,"TRUE","TRUE","FALSE","FALSE","FALSE","TRUE","FALSE","358"
"203","TNG",5,23,8.7,1992-05-11,"FALSE","FALSE","FALSE","FALSE","FALSE","TRUE","FALSE","358"
"204","TNG",5,24,8.4,1992-05-18,"FALSE","FALSE","FALSE","FALSE","FALSE","TRUE","FALSE","358"
"205","TNG",5,25,9.4,1992-06-01,"FALSE","FALSE","FALSE","FALSE","FALSE","TRUE","FALSE","358"
"206","TNG",5,26,8.5,1992-06-15,"FALSE","FALSE","FALSE","FALSE","FALSE","TRUE","FALSE","358"
"207","TNG",6,1,8.3,1992-09-21,"FALSE","FALSE","FALSE","FALSE","TRUE","FALSE","TRUE","358"
"208","TNG",6,2,7.4,1992-09-28,"TRUE","FALSE","FALSE","FALSE","TRUE","FALSE","TRUE","358"
"209","TNG",6,3,5.9,1992-10-05,"TRUE","FALSE","FALSE","FALSE","TRUE","FALSE","TRUE","358"
"210","TNG",6,4,8.6,1992-10-12,"FALSE","FALSE","FALSE","FALSE","TRUE","FALSE","TRUE","358"
"211","TNG",6,5,7.7,1992-10-19,"FALSE","FALSE","FALSE","FALSE","TRUE","FALSE","TRUE","358"
"212","TNG",6,6,7.5,1992-10-26,"TRUE","FALSE","FALSE","FALSE","TRUE","FALSE","TRUE","358"
"213","TNG",6,7,7.4,1992-11-02,"TRUE","FALSE","FALSE","FALSE","TRUE","FALSE","TRUE","358"
"214","TNG",6,8,7.6,1992-11-09,"FALSE","FALSE","FALSE","FALSE","TRUE","FALSE","TRUE","358"
"215","TNG",6,9,7.5,1992-11-16,"TRUE","FALSE","FALSE","FALSE","TRUE","FALSE","TRUE","358"
"216","TNG",6,10,8.4,1992-12-14,"TRUE","FALSE","FALSE","FALSE","TRUE","FALSE","TRUE","358"
"217","TNG",6,11,8.9,1992-12-21,"FALSE","FALSE","FALSE","FALSE","TRUE","FALSE","TRUE","358"
"218","DS9",1,1,7.5,1993-01-03,"FALSE","FALSE","FALSE","FALSE","FALSE","FALSE","FALSE","358"
"219","DS9",1,2,7.5,1993-01-03,"TRUE","FALSE","FALSE","FALSE","FALSE","FALSE","FALSE","358"
"220","DS9",1,3,7.1,1993-01-10,"FALSE","FALSE","FALSE","FALSE","FALSE","FALSE","FALSE","358"
"221","DS9",1,4,6.9,1993-01-17,"TRUE","FALSE","FALSE","FALSE","FALSE","FALSE","FALSE","358"
"222","DS9",1,5,7,1993-01-24,"FALSE","FALSE","FALSE","FALSE","FALSE","FALSE","FALSE","358"
"223","TNG",6,12,8.6,1993-01-25,"FALSE","FALSE","FALSE","FALSE","TRUE","FALSE","TRUE","358"
"224","DS9",1,6,7.7,1993-01-31,"FALSE","FALSE","FALSE","FALSE","FALSE","FALSE","FALSE","358"
"225","TNG",6,13,6.2,1993-02-01,"TRUE","FALSE","FALSE","FALSE","TRUE","FALSE","TRUE","358"
"226","DS9",1,7,6.9,1993-02-07,"TRUE","FALSE","FALSE","FALSE","FALSE","FALSE","FALSE","358"
"227","TNG",6,14,8,1993-02-08,"TRUE","TRUE","FALSE","FALSE","TRUE","FALSE","TRUE","358"
"228","DS9",1,8,7.2,1993-02-14,"TRUE","FALSE","FALSE","FALSE","FALSE","FALSE","FALSE","358"
"229","TNG",6,15,8.9,1993-02-15,"FALSE","FALSE","FALSE","FALSE","TRUE","FALSE","TRUE","358"
"230","DS9",1,9,6.5,1993-02-21,"TRUE","FALSE","FALSE","FALSE","FALSE","FALSE","FALSE","358"
"231","TNG",6,16,7.7,1993-02-22,"FALSE","FALSE","FALSE","FALSE","TRUE","FALSE","TRUE","358"
"232","TNG",6,17,7.4,1993-03-01,"TRUE","FALSE","FALSE","FALSE","TRUE","FALSE","TRUE","358"
"233","DS9",1,10,6,1993-03-14,"TRUE","FALSE","FALSE","FALSE","FALSE","FALSE","FALSE","358"
"234","DS9",1,11,7.2,1993-03-21,"FALSE","FALSE","FALSE","FALSE","FALSE","FALSE","FALSE","358"
"235","TNG",6,18,8,1993-03-29,"FALSE","FALSE","FALSE","FALSE","TRUE","FALSE","TRUE","358"
"236","TNG",6,19,7.6,1993-04-05,"FALSE","FALSE","FALSE","FALSE","TRUE","FALSE","TRUE","358"
"237","DS9",1,12,7.1,1993-04-18,"FALSE","FALSE","FALSE","FALSE","FALSE","FALSE","FALSE","358"
"238","DS9",1,13,6.7,1993-04-25,"TRUE","FALSE","FALSE","FALSE","FALSE","FALSE","FALSE","358"
"239","TNG",6,20,8.1,1993-04-26,"FALSE","FALSE","FALSE","FALSE","TRUE","FALSE","TRUE","358"
"240","DS9",1,14,6.1,1993-05-02,"FALSE","FALSE","FALSE","FALSE","FALSE","FALSE","FALSE","358"
"241","TNG",6,21,8.3,1993-05-03,"FALSE","FALSE","FALSE","FALSE","TRUE","FALSE","TRUE","358"
"242","DS9",1,15,7,1993-05-09,"TRUE","FALSE","FALSE","FALSE","FALSE","FALSE","FALSE","358"
"243","TNG",6,22,7.1,1993-05-10,"TRUE","FALSE","FALSE","FALSE","TRUE","FALSE","TRUE","358"
"244","DS9",1,16,6.6,1993-05-16,"TRUE","FALSE","FALSE","FALSE","FALSE","FALSE","FALSE","358"
"245","TNG",6,23,7.3,1993-05-17,"FALSE","FALSE","FALSE","FALSE","TRUE","FALSE","TRUE","358"
"246","DS9",1,17,7,1993-05-23,"TRUE","FALSE","FALSE","FALSE","FALSE","FALSE","FALSE","358"
"247","TNG",6,24,7.7,1993-05-24,"FALSE","FALSE","FALSE","FALSE","TRUE","FALSE","TRUE","358"
"248","DS9",1,18,7.2,1993-05-30,"TRUE","FALSE","FALSE","FALSE","FALSE","FALSE","FALSE","358"
"249","DS9",1,19,9,1993-06-13,"TRUE","FALSE","FALSE","FALSE","FALSE","FALSE","FALSE","358"
"250","TNG",6,25,8.6,1993-06-14,"FALSE","FALSE","FALSE","FALSE","TRUE","FALSE","TRUE","358"
"251","DS9",1,20,7.8,1993-06-20,"TRUE","FALSE","FALSE","FALSE","FALSE","FALSE","FALSE","358"
"252","TNG",6,26,8.3,1993-06-21,"FALSE","FALSE","FALSE","FALSE","TRUE","FALSE","TRUE","358"
"253","TNG",7,1,7.9,1993-09-20,"TRUE","FALSE","FALSE","FALSE","TRUE","FALSE","TRUE","358"
"254","DS9",2,1,7.8,1993-09-26,"FALSE","FALSE","FALSE","FALSE","FALSE","FALSE","FALSE","358"
"255","TNG",7,2,6.7,1993-09-27,"FALSE","FALSE","FALSE","FALSE","TRUE","FALSE","TRUE","358"
"256","DS9",2,2,7.8,1993-10-03,"TRUE","FALSE","FALSE","FALSE","FALSE","FALSE","FALSE","358"
"257","TNG",7,3,6.4,1993-10-04,"FALSE","FALSE","FALSE","FALSE","TRUE","FALSE","TRUE","358"
"258","DS9",2,3,7.9,1993-10-10,"TRUE","FALSE","FALSE","FALSE","FALSE","FALSE","FALSE","358"
"259","TNG",7,4,7.9,1993-10-11,"FALSE","FALSE","FALSE","FALSE","TRUE","FALSE","TRUE","358"
"260","DS9",2,4,7,1993-10-17,"TRUE","FALSE","FALSE","FALSE","FALSE","FALSE","FALSE","358"
"261","TNG",7,5,8,1993-10-18,"FALSE","FALSE","FALSE","FALSE","TRUE","FALSE","TRUE","358"
"262","DS9",2,5,7.6,1993-10-24,"FALSE","FALSE","FALSE","FALSE","FALSE","FALSE","FALSE","358"
"263","TNG",7,6,7.7,1993-10-25,"TRUE","FALSE","FALSE","FALSE","TRUE","FALSE","TRUE","358"
"264","DS9",2,6,6.5,1993-10-31,"TRUE","FALSE","FALSE","FALSE","FALSE","FALSE","FALSE","358"
"265","TNG",7,7,6.5,1993-11-01,"TRUE","FALSE","FALSE","FALSE","TRUE","FALSE","TRUE","358"
"266","DS9",2,7,7.5,1993-11-07,"TRUE","FALSE","FALSE","FALSE","FALSE","FALSE","FALSE","358"
"267","TNG",7,8,7.5,1993-11-08,"FALSE","FALSE","FALSE","FALSE","TRUE","FALSE","TRUE","358"
"268","DS9",2,8,8.3,1993-11-14,"TRUE","FALSE","FALSE","FALSE","FALSE","FALSE","FALSE","358"
"269","TNG",7,9,6.5,1993-11-15,"FALSE","FALSE","FALSE","FALSE","TRUE","FALSE","TRUE","358"
"270","DS9",2,9,6.3,1993-11-21,"FALSE","FALSE","FALSE","FALSE","FALSE","FALSE","FALSE","358"
"271","TNG",7,10,7.6,1993-11-22,"TRUE","FALSE","FALSE","FALSE","TRUE","FALSE","TRUE","358"
"272","DS9",2,10,6.6,1993-11-28,"TRUE","FALSE","FALSE","FALSE","FALSE","FALSE","FALSE","358"
"273","TNG",7,11,8.8,1993-11-29,"FALSE","FALSE","FALSE","FALSE","TRUE","FALSE","TRUE","358"
"274","DS9",2,11,6.7,1994-01-02,"TRUE","FALSE","FALSE","FALSE","FALSE","FALSE","FALSE","358"
"275","DS9",2,12,6.9,1994-01-09,"FALSE","FALSE","FALSE","FALSE","FALSE","FALSE","FALSE","358"
"276","TNG",7,12,8.6,1994-01-10,"FALSE","FALSE","FALSE","FALSE","TRUE","FALSE","TRUE","358"
"277","TNG",7,13,7.2,1994-01-17,"FALSE","FALSE","FALSE","FALSE","TRUE","FALSE","TRUE","358"
"278","DS9",2,13,7.5,1994-01-30,"FALSE","FALSE","FALSE","FALSE","FALSE","FALSE","FALSE","358"
"279","TNG",7,14,5.1,1994-01-31,"TRUE","FALSE","FALSE","FALSE","TRUE","FALSE","TRUE","358"
"280","DS9",2,14,8.3,1994-02-06,"FALSE","FALSE","FALSE","FALSE","FALSE","FALSE","FALSE","358"
"281","TNG",7,15,8.7,1994-02-07,"TRUE","TRUE","FALSE","FALSE","TRUE","FALSE","TRUE","358"
"282","DS9",2,15,6.8,1994-02-13,"TRUE","FALSE","FALSE","FALSE","FALSE","FALSE","FALSE","358"
"283","TNG",7,16,7.9,1994-02-14,"FALSE","FALSE","FALSE","FALSE","TRUE","FALSE","TRUE","358"
"284","DS9",2,16,7.4,1994-02-20,"FALSE","FALSE","FALSE","FALSE","FALSE","FALSE","FALSE","358"
"285","TNG",7,17,6.1,1994-02-21,"FALSE","FALSE","FALSE","FALSE","TRUE","FALSE","TRUE","358"
"286","DS9",2,17,6.5,1994-02-27,"TRUE","FALSE","FALSE","FALSE","FALSE","FALSE","FALSE","358"
"287","TNG",7,18,6.8,1994-02-28,"TRUE","FALSE","FALSE","FALSE","TRUE","FALSE","TRUE","358"
"288","DS9",2,18,7.3,1994-03-20,"TRUE","FALSE","FALSE","FALSE","FALSE","FALSE","FALSE","358"
"289","TNG",7,19,7.2,1994-03-21,"TRUE","TRUE","FALSE","FALSE","TRUE","FALSE","TRUE","358"
"290","DS9",2,19,8,1994-03-27,"TRUE","FALSE","FALSE","FALSE","FALSE","FALSE","FALSE","358"
"291","TNG",7,20,6.5,1994-03-28,"FALSE","FALSE","FALSE","FALSE","TRUE","FALSE","TRUE","358"
"292","DS9",2,20,7.9,1994-04-24,"TRUE","FALSE","FALSE","FALSE","FALSE","FALSE","FALSE","358"
"293","TNG",7,21,6.9,1994-04-25,"TRUE","FALSE","FALSE","FALSE","TRUE","FALSE","TRUE","358"
"294","DS9",2,21,7.9,1994-05-01,"TRUE","FALSE","FALSE","FALSE","FALSE","FALSE","FALSE","358"
"295","TNG",7,22,6.6,1994-05-02,"FALSE","FALSE","FALSE","FALSE","TRUE","FALSE","TRUE","358"
"296","DS9",2,22,8.3,1994-05-08,"FALSE","TRUE","FALSE","FALSE","FALSE","FALSE","FALSE","358"
"297","TNG",7,23,6.7,1994-05-09,"TRUE","FALSE","FALSE","FALSE","TRUE","FALSE","TRUE","358"
"298","DS9",2,23,8.1,1994-05-15,"TRUE","FALSE","FALSE","FALSE","FALSE","FALSE","FALSE","358"
"299","TNG",7,24,8,1994-05-16,"TRUE","FALSE","FALSE","FALSE","TRUE","FALSE","TRUE","358"
"300","DS9",2,24,7.2,1994-05-22,"TRUE","FALSE","FALSE","FALSE","FALSE","FALSE","FALSE","358"
"301","TNG",7,25,8.7,1994-05-23,"TRUE","FALSE","FALSE","FALSE","TRUE","FALSE","TRUE","358"
"302","TNG",7,26,8.7,1994-05-23,"FALSE","FALSE","FALSE","FALSE","TRUE","FALSE","TRUE","358"
"303","DS9",2,25,7.6,1994-06-05,"FALSE","FALSE","FALSE","FALSE","FALSE","FALSE","FALSE","358"
"304","DS9",2,26,8.5,1994-06-12,"TRUE","TRUE","FALSE","FALSE","FALSE","FALSE","FALSE","358"
"305","DS9",3,1,8.4,1994-09-26,"TRUE","TRUE","FALSE","FALSE","FALSE","FALSE","FALSE","358"
"306","DS9",3,2,8.4,1994-10-03,"TRUE","FALSE","FALSE","FALSE","FALSE","FALSE","FALSE","358"
"307","DS9",3,3,8.1,1994-10-10,"FALSE","FALSE","FALSE","FALSE","FALSE","FALSE","FALSE","358"
"308","DS9",3,4,6.8,1994-10-17,"TRUE","FALSE","FALSE","FALSE","FALSE","FALSE","FALSE","358"
"309","DS9",3,5,7.9,1994-10-24,"TRUE","FALSE","FALSE","FALSE","FALSE","FALSE","FALSE","358"
"310","DS9",3,6,7,1994-10-31,"TRUE","FALSE","FALSE","FALSE","FALSE","FALSE","FALSE","358"
"311","DS9",3,7,8,1994-11-07,"TRUE","FALSE","FALSE","FALSE","FALSE","FALSE","FALSE","358"
"312","DS9",3,8,5.7,1994-11-14,"TRUE","FALSE","FALSE","FALSE","FALSE","FALSE","FALSE","358"
"313","DS9",3,9,8.1,1994-11-21,"TRUE","FALSE","FALSE","FALSE","FALSE","FALSE","FALSE","358"
"314","DS9",3,10,6.3,1994-11-28,"FALSE","FALSE","FALSE","FALSE","FALSE","FALSE","FALSE","358"
"315","DS9",3,11,8,1995-01-02,"TRUE","FALSE","FALSE","FALSE","FALSE","FALSE","FALSE","358"
"316","DS9",3,12,8,1995-01-09,"TRUE","FALSE","FALSE","FALSE","FALSE","FALSE","FALSE","358"
"317","VOY",1,1,7.4,1995-01-16,"TRUE","FALSE","FALSE","TRUE","TRUE","FALSE","TRUE","358"
"318","VOY",1,2,7.4,1995-01-16,"FALSE","FALSE","FALSE","TRUE","TRUE","FALSE","TRUE","358"
"319","VOY",1,3,7.3,1995-01-23,"TRUE","TRUE","FALSE","TRUE","TRUE","FALSE","TRUE","358"
"320","VOY",1,4,7.2,1995-01-30,"TRUE","FALSE","FALSE","TRUE","TRUE","FALSE","TRUE","358"
"321","DS9",3,13,6.8,1995-01-31,"TRUE","FALSE","FALSE","FALSE","FALSE","TRUE","FALSE","358"
"322","DS9",3,14,7.4,1995-02-06,"FALSE","FALSE","FALSE","FALSE","FALSE","TRUE","FALSE","358"
"323","VOY",1,5,7.2,1995-02-06,"TRUE","FALSE","FALSE","TRUE","TRUE","FALSE","TRUE","358"
"324","VOY",1,6,6.6,1995-02-13,"TRUE","FALSE","FALSE","TRUE","TRUE","FALSE","TRUE","358"
"325","DS9",3,15,7.5,1995-02-13,"TRUE","FALSE","FALSE","FALSE","FALSE","TRUE","FALSE","358"
"326","DS9",3,16,6.9,1995-02-20,"FALSE","FALSE","FALSE","FALSE","FALSE","TRUE","FALSE","358"
"327","VOY",1,7,8.3,1995-02-20,"TRUE","FALSE","FALSE","TRUE","TRUE","FALSE","TRUE","358"
"328","DS9",3,17,7.9,1995-02-27,"TRUE","FALSE","FALSE","FALSE","FALSE","TRUE","FALSE","358"
"329","VOY",1,8,6.7,1995-02-27,"FALSE","FALSE","FALSE","TRUE","TRUE","FALSE","TRUE","358"
"330","VOY",1,9,6.8,1995-03-13,"TRUE","FALSE","FALSE","TRUE","TRUE","FALSE","TRUE","358"
"331","VOY",1,10,7.4,1995-03-20,"TRUE","FALSE","FALSE","TRUE","TRUE","FALSE","TRUE","358"
"332","VOY",1,11,7.7,1995-04-10,"TRUE","FALSE","FALSE","TRUE","TRUE","FALSE","TRUE","358"
"333","DS9",3,18,6.7,1995-04-10,"TRUE","FALSE","FALSE","FALSE","FALSE","TRUE","FALSE","358"
"334","DS9",3,19,7.6,1995-04-17,"TRUE","FALSE","FALSE","FALSE","FALSE","TRUE","FALSE","358"
"335","DS9",3,20,8.6,1995-04-24,"FALSE","FALSE","FALSE","FALSE","FALSE","TRUE","FALSE","358"
"336","VOY",1,12,6.9,1995-04-24,"TRUE","FALSE","FALSE","TRUE","TRUE","FALSE","TRUE","358"
"337","VOY",1,13,6.8,1995-05-01,"TRUE","TRUE","FALSE","TRUE","TRUE","FALSE","TRUE","358"
"338","DS9",3,21,8.9,1995-05-01,"TRUE","FALSE","FALSE","FALSE","FALSE","TRUE","FALSE","358"
"339","VOY",1,14,7.4,1995-05-08,"TRUE","FALSE","FALSE","TRUE","TRUE","FALSE","TRUE","358"
"340","DS9",3,22,7.4,1995-05-08,"TRUE","FALSE","FALSE","FALSE","FALSE","TRUE","FALSE","358"
"341","VOY",1,15,7.3,1995-05-15,"TRUE","TRUE","FALSE","TRUE","TRUE","FALSE","TRUE","358"
"342","DS9",3,23,7.3,1995-05-15,"FALSE","FALSE","FALSE","FALSE","FALSE","TRUE","FALSE","358"
"343","VOY",1,16,7.2,1995-05-22,"TRUE","FALSE","FALSE","TRUE","TRUE","FALSE","TRUE","358"
"344","DS9",3,24,7,1995-05-22,"TRUE","FALSE","FALSE","FALSE","FALSE","TRUE","FALSE","358"
"345","DS9",3,25,7.3,1995-06-12,"TRUE","FALSE","FALSE","FALSE","FALSE","TRUE","FALSE","358"
"346","DS9",3,26,8.3,1995-06-19,"FALSE","FALSE","FALSE","FALSE","FALSE","TRUE","FALSE","358"
"347","VOY",2,1,7.5,1995-08-28,"TRUE","FALSE","FALSE","TRUE","TRUE","FALSE","TRUE","358"
"348","VOY",2,2,6.7,1995-09-04,"TRUE","FALSE","FALSE","TRUE","FALSE","FALSE","TRUE","358"
"349","VOY",2,3,8,1995-09-11,"TRUE","FALSE","FALSE","TRUE","TRUE","FALSE","TRUE","358"
"350","VOY",2,4,6.1,1995-09-18,"TRUE","FALSE","FALSE","TRUE","TRUE","FALSE","TRUE","358"
"351","VOY",2,5,7,1995-09-25,"TRUE","FALSE","FALSE","TRUE","FALSE","FALSE","TRUE","358"
"352","DS9",4,1,8.9,1995-10-02,"TRUE","FALSE","FALSE","FALSE","FALSE","TRUE","FALSE","358"
"353","DS9",4,2,8.9,1995-10-02,"FALSE","FALSE","FALSE","FALSE","FALSE","TRUE","FALSE","358"
"354","VOY",2,6,7.2,1995-10-02,"TRUE","TRUE","FALSE","TRUE","TRUE","FALSE","TRUE","358"
"355","VOY",2,7,6.5,1995-10-09,"TRUE","FALSE","FALSE","TRUE","FALSE","FALSE","TRUE","358"
"356","DS9",4,3,9.1,1995-10-09,"FALSE","FALSE","FALSE","FALSE","FALSE","TRUE","FALSE","358"
"357","DS9",4,4,7.8,1995-10-16,"FALSE","FALSE","FALSE","FALSE","FALSE","TRUE","FALSE","358"
"358","DS9",4,5,7.8,1995-10-23,"TRUE","FALSE","FALSE","FALSE","FALSE","TRUE","FALSE","358"
"359","VOY",2,8,7,1995-10-30,"TRUE","FALSE","FALSE","TRUE","FALSE","FALSE","TRUE","358"
"360","DS9",4,6,7.2,1995-10-30,"TRUE","FALSE","FALSE","FALSE","FALSE","TRUE","FALSE","358"
"361","DS9",4,7,7.8,1995-11-06,"TRUE","FALSE","FALSE","FALSE","FALSE","TRUE","FALSE","358"
"362","VOY",2,9,6.3,1995-11-06,"TRUE","FALSE","FALSE","TRUE","FALSE","FALSE","TRUE","358"
"363","DS9",4,8,8.5,1995-11-13,"FALSE","FALSE","FALSE","FALSE","FALSE","TRUE","FALSE","358"
"364","VOY",2,10,7.3,1995-11-13,"TRUE","FALSE","FALSE","TRUE","FALSE","FALSE","TRUE","358"
"365","VOY",2,11,7.3,1995-11-20,"TRUE","FALSE","FALSE","TRUE","FALSE","FALSE","TRUE","358"
"366","DS9",4,9,7.2,1995-11-20,"FALSE","FALSE","FALSE","FALSE","FALSE","TRUE","FALSE","358"
"367","DS9",4,10,8,1995-11-27,"FALSE","FALSE","FALSE","FALSE","FALSE","TRUE","FALSE","358"
"368","VOY",2,12,7.2,1995-11-27,"FALSE","FALSE","FALSE","TRUE","FALSE","FALSE","TRUE","358"
"369","DS9",4,11,8.4,1996-01-01,"TRUE","FALSE","FALSE","FALSE","FALSE","TRUE","FALSE","358"
"370","DS9",4,12,8.4,1996-01-08,"FALSE","FALSE","FALSE","FALSE","FALSE","TRUE","FALSE","358"
"371","VOY",2,13,7.6,1996-01-15,"TRUE","FALSE","FALSE","TRUE","FALSE","FALSE","TRUE","358"
"372","VOY",2,14,7.4,1996-01-22,"TRUE","FALSE","FALSE","TRUE","FALSE","FALSE","TRUE","358"
"373","DS9",4,13,7.3,1996-01-29,"FALSE","FALSE","FALSE","FALSE","FALSE","TRUE","FALSE","358"
"374","VOY",2,15,5.4,1996-01-29,"TRUE","FALSE","FALSE","TRUE","FALSE","FALSE","TRUE","358"
"375","VOY",2,16,8,1996-02-05,"FALSE","FALSE","FALSE","TRUE","FALSE","FALSE","TRUE","358"
"376","DS9",4,14,7.9,1996-02-05,"TRUE","FALSE","FALSE","FALSE","FALSE","TRUE","FALSE","358"
"377","DS9",4,15,7.4,1996-02-12,"FALSE","FALSE","FALSE","FALSE","FALSE","TRUE","FALSE","358"
"378","VOY",2,17,7.7,1996-02-12,"TRUE","FALSE","FALSE","TRUE","FALSE","FALSE","TRUE","358"
"379","DS9",4,16,7.5,1996-02-19,"FALSE","FALSE","FALSE","FALSE","FALSE","TRUE","FALSE","358"
"380","VOY",2,18,8.4,1996-02-19,"TRUE","FALSE","FALSE","TRUE","FALSE","FALSE","TRUE","358"
"381","VOY",2,19,7.6,1996-02-26,"TRUE","FALSE","FALSE","TRUE","FALSE","FALSE","TRUE","358"
"382","DS9",4,17,7.3,1996-02-26,"FALSE","FALSE","FALSE","FALSE","FALSE","TRUE","FALSE","358"
"383","VOY",2,20,7.7,1996-03-13,"TRUE","FALSE","FALSE","TRUE","FALSE","FALSE","TRUE","358"
"384","VOY",2,21,8.3,1996-03-18,"TRUE","FALSE","FALSE","TRUE","FALSE","FALSE","TRUE","358"
"385","VOY",2,22,6.8,1996-04-08,"TRUE","FALSE","FALSE","TRUE","FALSE","FALSE","TRUE","358"
"386","DS9",4,18,7.4,1996-04-08,"FALSE","FALSE","FALSE","FALSE","FALSE","TRUE","FALSE","358"
"387","DS9",4,19,8.3,1996-04-15,"TRUE","FALSE","FALSE","FALSE","FALSE","TRUE","FALSE","358"
"388","DS9",4,20,7.3,1996-04-22,"TRUE","FALSE","FALSE","FALSE","FALSE","TRUE","FALSE","358"
"389","DS9",4,21,5.7,1996-04-29,"TRUE","FALSE","FALSE","FALSE","FALSE","TRUE","FALSE","358"
"390","VOY",2,23,7.4,1996-04-29,"TRUE","FALSE","FALSE","TRUE","FALSE","FALSE","TRUE","358"
"391","DS9",4,22,7.9,1996-05-06,"FALSE","FALSE","FALSE","FALSE","FALSE","TRUE","FALSE","358"
"392","VOY",2,24,7.7,1996-05-06,"TRUE","FALSE","FALSE","TRUE","FALSE","FALSE","TRUE","358"
"393","DS9",4,23,8.2,1996-05-13,"TRUE","FALSE","FALSE","FALSE","FALSE","TRUE","FALSE","358"
"394","VOY",2,25,7.5,1996-05-13,"TRUE","FALSE","FALSE","TRUE","FALSE","FALSE","TRUE","358"
"395","DS9",4,24,7.7,1996-05-20,"TRUE","FALSE","FALSE","FALSE","FALSE","TRUE","FALSE","358"
"396","VOY",2,26,7.9,1996-05-20,"TRUE","FALSE","FALSE","TRUE","FALSE","FALSE","TRUE","358"
"397","DS9",4,25,7.6,1996-06-10,"TRUE","FALSE","FALSE","FALSE","FALSE","TRUE","FALSE","358"
"398","DS9",4,26,8.3,1996-06-17,"FALSE","FALSE","FALSE","FALSE","FALSE","TRUE","FALSE","358"
"399","VOY",3,1,8,1996-09-04,"TRUE","FALSE","FALSE","TRUE","FALSE","FALSE","TRUE","358"
"400","VOY",3,2,7.9,1996-09-11,"FALSE","FALSE","FALSE","TRUE","FALSE","FALSE","TRUE","358"
"401","VOY",3,3,6.9,1996-09-18,"TRUE","FALSE","TRUE","TRUE","FALSE","FALSE","TRUE","358"
"402","VOY",3,4,7.3,1996-09-25,"TRUE","FALSE","TRUE","TRUE","FALSE","FALSE","TRUE","358"
"403","DS9",5,1,8.3,1996-09-30,"FALSE","FALSE","FALSE","FALSE","FALSE","TRUE","FALSE","358"
"404","VOY",3,5,6.8,1996-10-02,"TRUE","FALSE","FALSE","TRUE","FALSE","FALSE","TRUE","358"
"405","DS9",5,2,8.1,1996-10-07,"FALSE","TRUE","FALSE","FALSE","FALSE","TRUE","FALSE","358"
"406","VOY",3,6,7.2,1996-10-09,"TRUE","FALSE","TRUE","TRUE","FALSE","FALSE","TRUE","358"
"407","DS9",5,3,7.8,1996-10-14,"TRUE","FALSE","FALSE","FALSE","FALSE","TRUE","FALSE","358"
"408","DS9",5,4,7.7,1996-10-21,"FALSE","TRUE","FALSE","FALSE","FALSE","TRUE","FALSE","358"
"409","DS9",5,5,7.3,1996-10-28,"TRUE","FALSE","FALSE","FALSE","FALSE","TRUE","FALSE","358"
"410","VOY",3,7,6,1996-10-30,"FALSE","FALSE","TRUE","TRUE","FALSE","FALSE","TRUE","358"
"411","DS9",5,6,9.3,1996-11-04,"TRUE","FALSE","FALSE","FALSE","FALSE","TRUE","FALSE","358"
"412","VOY",3,8,8.4,1996-11-06,"TRUE","FALSE","TRUE","TRUE","FALSE","FALSE","TRUE","358"
"413","DS9",5,7,5.6,1996-11-11,"TRUE","FALSE","FALSE","FALSE","FALSE","TRUE","FALSE","358"
"414","VOY",3,9,8.3,1996-11-13,"FALSE","FALSE","TRUE","TRUE","FALSE","FALSE","TRUE","358"
"415","DS9",5,8,7.6,1996-11-18,"FALSE","FALSE","FALSE","FALSE","FALSE","TRUE","FALSE","358"
"416","VOY",3,10,6.8,1996-11-20,"TRUE","FALSE","TRUE","TRUE","FALSE","FALSE","TRUE","358"
"417","DS9",5,9,7.6,1996-11-25,"FALSE","FALSE","FALSE","FALSE","FALSE","TRUE","FALSE","358"
"418","VOY",3,11,7.4,1996-11-27,"TRUE","FALSE","TRUE","TRUE","FALSE","FALSE","TRUE","358"
"419","VOY",3,12,7.3,1996-12-11,"FALSE","FALSE","TRUE","TRUE","FALSE","FALSE","TRUE","358"
"420","DS9",5,10,7.4,1996-12-30,"TRUE","FALSE","FALSE","FALSE","FALSE","TRUE","FALSE","358"
"421","DS9",5,11,7.1,1997-01-06,"TRUE","FALSE","FALSE","FALSE","FALSE","TRUE","FALSE","358"
"422","VOY",3,13,6.9,1997-01-08,"FALSE","FALSE","TRUE","TRUE","FALSE","FALSE","TRUE","358"
"423","VOY",3,14,6.9,1997-01-15,"TRUE","FALSE","TRUE","TRUE","FALSE","FALSE","TRUE","358"
"424","DS9",5,12,7.9,1997-01-27,"TRUE","FALSE","FALSE","FALSE","FALSE","TRUE","FALSE","358"
"425","VOY",3,15,7.2,1997-01-29,"FALSE","TRUE","TRUE","TRUE","FALSE","FALSE","TRUE","358"
"426","DS9",5,13,8,1997-02-03,"TRUE","FALSE","FALSE","FALSE","FALSE","TRUE","FALSE","358"
"427","VOY",3,16,7.4,1997-02-05,"TRUE","FALSE","TRUE","TRUE","FALSE","FALSE","TRUE","358"
"428","DS9",5,14,8.7,1997-02-10,"TRUE","TRUE","FALSE","FALSE","FALSE","TRUE","FALSE","358"
"429","VOY",3,17,7.9,1997-02-12,"TRUE","FALSE","TRUE","TRUE","FALSE","FALSE","TRUE","358"
"430","DS9",5,15,8.8,1997-02-17,"TRUE","FALSE","FALSE","FALSE","FALSE","TRUE","FALSE","358"
"431","VOY",3,18,6.5,1997-02-19,"FALSE","FALSE","TRUE","TRUE","FALSE","FALSE","TRUE","358"
"432","DS9",5,16,7.9,1997-02-24,"FALSE","FALSE","FALSE","FALSE","FALSE","TRUE","FALSE","358"
"433","VOY",3,19,6.9,1997-02-26,"FALSE","FALSE","TRUE","TRUE","FALSE","FALSE","TRUE","358"
"434","VOY",3,20,6.2,1997-03-19,"TRUE","FALSE","TRUE","TRUE","FALSE","FALSE","TRUE","358"
"435","DS9",5,17,6.8,1997-03-31,"FALSE","FALSE","FALSE","FALSE","FALSE","TRUE","FALSE","358"
"436","DS9",5,18,7.4,1997-04-07,"FALSE","FALSE","FALSE","FALSE","FALSE","TRUE","FALSE","358"
"437","VOY",3,21,7.9,1997-04-09,"TRUE","FALSE","TRUE","TRUE","FALSE","FALSE","TRUE","358"
"438","DS9",5,19,7.3,1997-04-14,"FALSE","FALSE","FALSE","FALSE","FALSE","TRUE","FALSE","358"
"439","DS9",5,20,6.8,1997-04-21,"FALSE","FALSE","FALSE","FALSE","FALSE","TRUE","FALSE","358"
"440","VOY",3,22,7.5,1997-04-23,"TRUE","FALSE","TRUE","TRUE","FALSE","FALSE","TRUE","358"
"441","DS9",5,21,7.8,1997-04-28,"TRUE","FALSE","FALSE","FALSE","FALSE","TRUE","FALSE","358"
"442","VOY",3,23,8.6,1997-04-30,"FALSE","FALSE","TRUE","TRUE","FALSE","FALSE","TRUE","358"
"443","DS9",5,22,8,1997-05-05,"TRUE","FALSE","FALSE","FALSE","FALSE","TRUE","FALSE","358"
"444","VOY",3,24,7.6,1997-05-07,"TRUE","FALSE","TRUE","TRUE","FALSE","FALSE","TRUE","358"
"445","DS9",5,23,7.7,1997-05-12,"FALSE","TRUE","FALSE","FALSE","FALSE","TRUE","FALSE","358"
"446","VOY",3,25,8.2,1997-05-14,"TRUE","FALSE","TRUE","TRUE","FALSE","FALSE","TRUE","358"
"447","DS9",5,24,7.9,1997-05-19,"FALSE","FALSE","FALSE","FALSE","FALSE","TRUE","FALSE","358"
"448","VOY",3,26,8.9,1997-05-21,"TRUE","FALSE","TRUE","TRUE","FALSE","FALSE","TRUE","358"
"449","DS9",5,25,7.9,1997-06-09,"FALSE","FALSE","FALSE","FALSE","FALSE","TRUE","FALSE","358"
"450","DS9",5,26,9,1997-06-16,"TRUE","FALSE","FALSE","FALSE","FALSE","TRUE","FALSE","358"
"451","VOY",4,1,8.8,1997-09-03,"TRUE","FALSE","TRUE","TRUE","FALSE","FALSE","TRUE","358"
"452","VOY",4,2,8,1997-09-10,"TRUE","FALSE","TRUE","TRUE","FALSE","FALSE","TRUE","358"
"453","VOY",4,3,7.5,1997-09-17,"TRUE","FALSE","TRUE","TRUE","FALSE","FALSE","TRUE","358"
"454","VOY",4,4,7,1997-09-24,"TRUE","FALSE","TRUE","TRUE","FALSE","FALSE","TRUE","358"
"455","DS9",6,1,8.6,1997-09-29,"FALSE","FALSE","FALSE","FALSE","TRUE","TRUE","TRUE","358"
"456","VOY",4,5,7.5,1997-10-01,"FALSE","FALSE","TRUE","TRUE","FALSE","FALSE","TRUE","358"
"457","DS9",6,2,8.6,1997-10-06,"TRUE","FALSE","FALSE","FALSE","TRUE","TRUE","TRUE","358"
"458","VOY",4,6,7.6,1997-10-08,"TRUE","FALSE","TRUE","TRUE","FALSE","FALSE","TRUE","358"
"459","DS9",6,3,7.1,1997-10-13,"TRUE","FALSE","FALSE","FALSE","TRUE","TRUE","TRUE","358"
"460","DS9",6,4,8,1997-10-20,"FALSE","FALSE","FALSE","FALSE","TRUE","TRUE","TRUE","358"
"461","DS9",6,5,8.6,1997-10-27,"TRUE","FALSE","FALSE","FALSE","TRUE","TRUE","TRUE","358"
"462","VOY",4,7,8.1,1997-10-29,"TRUE","FALSE","TRUE","TRUE","FALSE","FALSE","TRUE","358"
"463","DS9",6,6,8.9,1997-11-03,"TRUE","FALSE","FALSE","FALSE","TRUE","TRUE","TRUE","358"
"464","VOY",4,8,8.8,1997-11-05,"TRUE","FALSE","TRUE","TRUE","FALSE","FALSE","TRUE","358"
"465","DS9",6,7,7.5,1997-11-10,"TRUE","FALSE","FALSE","FALSE","TRUE","TRUE","TRUE","358"
"466","VOY",4,9,8.6,1997-11-12,"TRUE","FALSE","TRUE","TRUE","FALSE","FALSE","TRUE","358"
"467","DS9",6,8,5.9,1997-11-17,"TRUE","FALSE","FALSE","FALSE","TRUE","TRUE","TRUE","358"
"468","VOY",4,10,7,1997-11-19,"TRUE","FALSE","TRUE","TRUE","FALSE","FALSE","TRUE","358"
"469","DS9",6,9,7.7,1997-11-24,"FALSE","FALSE","FALSE","FALSE","TRUE","TRUE","TRUE","358"
"470","VOY",4,11,6.9,1997-11-26,"TRUE","FALSE","TRUE","TRUE","FALSE","FALSE","TRUE","358"
"471","VOY",4,12,6.9,1997-12-17,"TRUE","FALSE","TRUE","TRUE","FALSE","FALSE","TRUE","358"
"472","DS9",6,10,8.2,1998-01-01,"FALSE","FALSE","FALSE","FALSE","TRUE","TRUE","TRUE","358"
"473","DS9",6,11,7.9,1998-01-08,"FALSE","FALSE","FALSE","FALSE","TRUE","TRUE","TRUE","358"
"474","VOY",4,13,7.7,1998-01-14,"TRUE","FALSE","TRUE","TRUE","FALSE","FALSE","TRUE","358"
"475","VOY",4,14,8.7,1998-01-21,"TRUE","TRUE","TRUE","TRUE","FALSE","FALSE","TRUE","358"
"476","DS9",6,12,7.7,1998-02-04,"FALSE","FALSE","FALSE","FALSE","TRUE","TRUE","TRUE","358"
"477","VOY",4,15,7.9,1998-02-11,"TRUE","FALSE","TRUE","TRUE","FALSE","FALSE","TRUE","358"
"478","DS9",6,13,8.8,1998-02-11,"FALSE","FALSE","FALSE","FALSE","TRUE","TRUE","TRUE","358"
"479","VOY",4,16,8.2,1998-02-18,"TRUE","FALSE","TRUE","TRUE","FALSE","FALSE","TRUE","358"
"480","DS9",6,14,7.7,1998-02-18,"FALSE","FALSE","FALSE","FALSE","TRUE","TRUE","TRUE","358"
"481","VOY",4,17,6.9,1998-02-25,"TRUE","FALSE","TRUE","TRUE","FALSE","FALSE","TRUE","358"
"482","DS9",6,15,7.4,1998-02-25,"FALSE","FALSE","FALSE","FALSE","TRUE","TRUE","TRUE","358"
"483","VOY",4,18,7.9,1998-03-04,"TRUE","FALSE","TRUE","TRUE","FALSE","FALSE","TRUE","358"
"484","VOY",4,19,7.8,1998-03-04,"TRUE","FALSE","TRUE","TRUE","FALSE","FALSE","TRUE","358"
"485","DS9",6,16,7.2,1998-03-04,"TRUE","FALSE","FALSE","FALSE","TRUE","TRUE","TRUE","358"
"486","DS9",6,17,7,1998-04-01,"TRUE","FALSE","FALSE","FALSE","TRUE","TRUE","TRUE","358"
"487","VOY",4,20,6.7,1998-04-04,"FALSE","FALSE","TRUE","TRUE","FALSE","FALSE","TRUE","358"
"488","DS9",6,18,8.3,1998-04-08,"FALSE","FALSE","FALSE","FALSE","TRUE","TRUE","TRUE","358"
"489","VOY",4,21,7.6,1998-04-15,"TRUE","FALSE","TRUE","TRUE","FALSE","FALSE","TRUE","358"
"490","DS9",6,19,9.3,1998-04-15,"FALSE","FALSE","FALSE","FALSE","TRUE","FALSE","TRUE","358"
"491","VOY",4,22,6.5,1998-04-22,"TRUE","FALSE","TRUE","TRUE","FALSE","FALSE","TRUE","358"
"492","DS9",6,20,7.6,1998-04-22,"FALSE","FALSE","FALSE","FALSE","TRUE","FALSE","TRUE","358"
"493","DS9",6,21,7.3,1998-04-29,"TRUE","FALSE","FALSE","FALSE","TRUE","FALSE","TRUE","358"
"494","VOY",4,23,8.7,1998-04-29,"TRUE","FALSE","TRUE","TRUE","FALSE","FALSE","TRUE","358"
"495","VOY",4,24,7.3,1998-05-06,"TRUE","FALSE","TRUE","TRUE","FALSE","FALSE","TRUE","358"
"496","DS9",6,22,7.1,1998-05-06,"FALSE","FALSE","FALSE","FALSE","TRUE","FALSE","TRUE","358"
"497","VOY",4,25,8.2,1998-05-13,"TRUE","FALSE","TRUE","TRUE","FALSE","FALSE","TRUE","358"
"498","DS9",6,23,5.9,1998-05-13,"FALSE","FALSE","FALSE","FALSE","TRUE","FALSE","TRUE","358"
"499","VOY",4,26,8.2,1998-05-20,"TRUE","FALSE","TRUE","TRUE","FALSE","FALSE","TRUE","358"
"500","DS9",6,24,6.4,1998-05-20,"TRUE","FALSE","FALSE","FALSE","TRUE","FALSE","TRUE","358"
"501","DS9",6,25,7.6,1998-06-10,"TRUE","FALSE","FALSE","FALSE","TRUE","FALSE","TRUE","358"
"502","DS9",6,26,8.4,1998-06-17,"TRUE","FALSE","FALSE","FALSE","TRUE","FALSE","TRUE","358"
"503","DS9",7,1,7.7,1998-09-30,"TRUE","FALSE","FALSE","FALSE","TRUE","FALSE","TRUE","358"
"504","DS9",7,2,8,1998-10-07,"TRUE","FALSE","FALSE","FALSE","TRUE","FALSE","TRUE","358"
"505","VOY",5,1,7.9,1998-10-14,"TRUE","FALSE","FALSE","FALSE","TRUE","FALSE","TRUE","358"
"506","DS9",7,3,7.3,1998-10-14,"TRUE","FALSE","FALSE","FALSE","TRUE","FALSE","TRUE","358"
"507","VOY",5,2,8.6,1998-10-21,"TRUE","FALSE","FALSE","FALSE","TRUE","FALSE","TRUE","358"
"508","DS9",7,4,7.5,1998-10-21,"TRUE","FALSE","FALSE","FALSE","TRUE","FALSE","TRUE","358"
"509","DS9",7,5,7.2,1998-10-28,"FALSE","FALSE","FALSE","FALSE","TRUE","FALSE","TRUE","358"
"510","VOY",5,3,6.9,1998-10-28,"TRUE","FALSE","FALSE","FALSE","TRUE","FALSE","TRUE","358"
"511","DS9",7,6,8.4,1998-11-04,"FALSE","FALSE","FALSE","FALSE","TRUE","FALSE","TRUE","358"
"512","VOY",5,4,8,1998-11-04,"TRUE","FALSE","FALSE","FALSE","TRUE","FALSE","TRUE","358"
"513","DS9",7,7,7.7,1998-11-11,"TRUE","FALSE","FALSE","FALSE","TRUE","FALSE","TRUE","358"
"514","VOY",5,5,6.4,1998-11-11,"TRUE","FALSE","FALSE","FALSE","TRUE","FALSE","TRUE","358"
"515","DS9",7,8,8.6,1998-11-18,"FALSE","FALSE","FALSE","FALSE","TRUE","FALSE","TRUE","358"
"516","VOY",5,6,8.7,1998-11-18,"TRUE","FALSE","FALSE","FALSE","TRUE","FALSE","TRUE","358"
"517","VOY",5,7,7.8,1998-11-25,"TRUE","FALSE","FALSE","FALSE","TRUE","FALSE","TRUE","358"
"518","DS9",7,9,6.9,1998-11-25,"TRUE","FALSE","FALSE","FALSE","TRUE","FALSE","TRUE","358"
"519","VOY",5,8,7.3,1998-12-02,"TRUE","FALSE","FALSE","FALSE","TRUE","FALSE","TRUE","358"
"520","VOY",5,9,7.3,1998-12-09,"TRUE","FALSE","FALSE","FALSE","TRUE","FALSE","TRUE","358"
"521","VOY",5,10,8,1998-12-16,"TRUE","FALSE","FALSE","FALSE","TRUE","FALSE","TRUE","358"
"522","DS9",7,10,8.2,1998-12-30,"FALSE","FALSE","FALSE","FALSE","TRUE","FALSE","TRUE","358"
"523","DS9",7,11,6.5,1999-01-06,"TRUE","FALSE","FALSE","FALSE","TRUE","FALSE","TRUE","358"
"524","VOY",5,11,8.4,1999-01-20,"TRUE","FALSE","FALSE","FALSE","TRUE","FALSE","TRUE","358"
"525","VOY",5,12,7.5,1999-01-27,"TRUE","FALSE","FALSE","FALSE","TRUE","FALSE","TRUE","358"
"526","VOY",5,13,7.4,1999-02-03,"TRUE","FALSE","FALSE","FALSE","TRUE","FALSE","TRUE","358"
"527","DS9",7,12,6.5,1999-02-03,"TRUE","FALSE","FALSE","FALSE","TRUE","FALSE","TRUE","358"
"528","DS9",7,13,6.8,1999-02-10,"FALSE","FALSE","FALSE","FALSE","TRUE","FALSE","TRUE","358"
"529","VOY",5,14,7.8,1999-02-10,"TRUE","FALSE","FALSE","FALSE","TRUE","FALSE","TRUE","358"
"530","DS9",7,14,7.3,1999-02-17,"FALSE","FALSE","FALSE","FALSE","TRUE","FALSE","TRUE","358"
"531","VOY",5,15,8.5,1999-02-17,"FALSE","FALSE","FALSE","FALSE","TRUE","FALSE","TRUE","358"
"532","VOY",5,16,8.5,1999-02-17,"FALSE","FALSE","FALSE","FALSE","TRUE","FALSE","TRUE","358"
"533","VOY",5,17,6.8,1999-02-24,"FALSE","FALSE","FALSE","FALSE","TRUE","FALSE","TRUE","358"
"534","DS9",7,15,7.8,1999-02-24,"FALSE","FALSE","FALSE","FALSE","TRUE","FALSE","TRUE","358"
"535","VOY",5,18,7.7,1999-03-03,"TRUE","FALSE","FALSE","FALSE","TRUE","FALSE","TRUE","358"
"536","DS9",7,16,8.4,1999-03-03,"TRUE","FALSE","FALSE","FALSE","TRUE","FALSE","TRUE","358"
"537","VOY",5,19,5.3,1999-03-24,"TRUE","FALSE","FALSE","FALSE","TRUE","FALSE","TRUE","358"
"538","VOY",5,20,7.7,1999-03-31,"TRUE","FALSE","FALSE","FALSE","TRUE","FALSE","TRUE","358"
"539","DS9",7,17,7.6,1999-04-07,"TRUE","FALSE","FALSE","FALSE","TRUE","FALSE","TRUE","358"
"540","DS9",7,18,7.7,1999-04-14,"TRUE","FALSE","FALSE","FALSE","TRUE","FALSE","TRUE","358"
"541","DS9",7,19,8,1999-04-21,"TRUE","FALSE","FALSE","FALSE","TRUE","FALSE","TRUE","358"
"542","VOY",5,21,6.9,1999-04-26,"TRUE","FALSE","FALSE","FALSE","TRUE","FALSE","TRUE","358"
"543","DS9",7,20,8.5,1999-04-28,"FALSE","FALSE","FALSE","FALSE","TRUE","FALSE","TRUE","358"
"544","VOY",5,22,8.2,1999-04-28,"TRUE","FALSE","FALSE","FALSE","TRUE","FALSE","TRUE","358"
"545","DS9",7,21,8.2,1999-05-05,"FALSE","FALSE","FALSE","FALSE","TRUE","FALSE","TRUE","358"
"546","VOY",5,23,6.8,1999-05-05,"TRUE","FALSE","FALSE","FALSE","TRUE","FALSE","TRUE","358"
"547","VOY",5,24,8.6,1999-05-12,"TRUE","FALSE","FALSE","FALSE","TRUE","FALSE","TRUE","358"
"548","DS9",7,22,8.7,1999-05-12,"FALSE","FALSE","FALSE","FALSE","TRUE","FALSE","TRUE","358"
"549","VOY",5,25,7.3,1999-05-19,"TRUE","FALSE","FALSE","FALSE","TRUE","FALSE","TRUE","358"
"550","DS9",7,23,7.7,1999-05-19,"FALSE","FALSE","FALSE","FALSE","TRUE","FALSE","TRUE","358"
"551","DS9",7,24,8.3,1999-05-26,"TRUE","FALSE","FALSE","FALSE","TRUE","FALSE","TRUE","358"
"552","VOY",5,26,8.5,1999-05-26,"TRUE","FALSE","FALSE","FALSE","TRUE","FALSE","TRUE","358"
"553","DS9",7,25,8.7,1999-06-02,"TRUE","FALSE","FALSE","FALSE","TRUE","FALSE","TRUE","358"
"554","DS9",7,26,8.7,1999-06-02,"FALSE","FALSE","FALSE","FALSE","TRUE","FALSE","TRUE","358"
"555","VOY",6,1,8.3,1999-09-22,"FALSE","FALSE","FALSE","FALSE","TRUE","FALSE","TRUE","358"
"556","VOY",6,2,7.7,1999-09-29,"TRUE","FALSE","FALSE","FALSE","TRUE","FALSE","TRUE","358"
"557","VOY",6,3,6.5,1999-10-06,"TRUE","FALSE","FALSE","FALSE","TRUE","FALSE","TRUE","358"
"558","VOY",6,4,8.5,1999-10-13,"TRUE","FALSE","FALSE","FALSE","TRUE","FALSE","TRUE","358"
"559","VOY",6,5,6.6,1999-10-20,"TRUE","FALSE","FALSE","FALSE","TRUE","FALSE","TRUE","358"
"560","VOY",6,6,7.5,1999-11-03,"TRUE","TRUE","FALSE","FALSE","TRUE","FALSE","TRUE","358"
"561","VOY",6,7,7.8,1999-11-10,"TRUE","FALSE","FALSE","FALSE","TRUE","FALSE","TRUE","358"
"562","VOY",6,8,7.8,1999-11-17,"TRUE","FALSE","FALSE","FALSE","TRUE","FALSE","TRUE","358"
"563","VOY",6,9,7.6,1999-11-24,"TRUE","FALSE","FALSE","FALSE","TRUE","FALSE","TRUE","358"
"564","VOY",6,10,8.5,1999-12-01,"TRUE","FALSE","FALSE","FALSE","TRUE","FALSE","TRUE","358"
"565","VOY",6,11,6.5,2000-01-12,"FALSE","FALSE","FALSE","FALSE","TRUE","FALSE","TRUE","358"
"566","VOY",6,12,9,2000-01-19,"TRUE","TRUE","FALSE","FALSE","TRUE","FALSE","TRUE","358"
"567","VOY",6,13,7.3,2000-01-26,"TRUE","FALSE","FALSE","FALSE","TRUE","FALSE","TRUE","358"
"568","VOY",6,14,7.1,2000-02-02,"TRUE","FALSE","FALSE","FALSE","TRUE","FALSE","TRUE","358"
"569","VOY",6,15,7.3,2000-02-09,"TRUE","FALSE","FALSE","FALSE","TRUE","FALSE","TRUE","358"
"570","VOY",6,16,7.4,2000-02-16,"TRUE","TRUE","FALSE","FALSE","TRUE","FALSE","TRUE","358"
"571","VOY",6,17,6.4,2000-02-23,"TRUE","FALSE","FALSE","FALSE","TRUE","FALSE","TRUE","358"
"572","VOY",6,18,7.1,2000-03-01,"TRUE","FALSE","FALSE","FALSE","TRUE","FALSE","TRUE","358"
"573","VOY",6,19,7.7,2000-03-08,"TRUE","FALSE","FALSE","FALSE","TRUE","FALSE","TRUE","358"
"574","VOY",6,20,7.3,2000-03-15,"TRUE","FALSE","FALSE","FALSE","TRUE","FALSE","TRUE","358"
"575","VOY",6,21,7.4,2000-04-19,"TRUE","FALSE","FALSE","FALSE","TRUE","FALSE","TRUE","358"
"576","VOY",6,22,6.9,2000-04-26,"FALSE","FALSE","FALSE","FALSE","TRUE","FALSE","TRUE","358"
"577","VOY",6,23,6.4,2000-05-03,"TRUE","FALSE","FALSE","FALSE","TRUE","FALSE","TRUE","358"
"578","VOY",6,24,8.3,2000-05-10,"TRUE","FALSE","FALSE","FALSE","TRUE","FALSE","TRUE","358"
"579","VOY",6,25,7.3,2000-05-17,"TRUE","FALSE","FALSE","FALSE","TRUE","FALSE","TRUE","358"
"580","VOY",6,26,8.1,2000-05-24,"TRUE","FALSE","FALSE","FALSE","TRUE","FALSE","TRUE","358"
"581","VOY",7,1,8,2000-10-04,"TRUE","FALSE","FALSE","FALSE","TRUE","FALSE","TRUE","358"
"582","VOY",7,2,7.8,2000-10-11,"TRUE","FALSE","FALSE","FALSE","TRUE","FALSE","TRUE","358"
"583","VOY",7,3,7.2,2000-10-18,"TRUE","FALSE","FALSE","FALSE","TRUE","FALSE","TRUE","358"
"584","VOY",7,4,6.8,2000-10-25,"TRUE","FALSE","FALSE","FALSE","TRUE","FALSE","TRUE","358"
"585","VOY",7,5,7.9,2000-11-01,"FALSE","FALSE","FALSE","FALSE","TRUE","FALSE","TRUE","358"
"586","VOY",7,6,7.5,2000-11-08,"TRUE","FALSE","FALSE","FALSE","TRUE","FALSE","TRUE","358"
"587","VOY",7,7,8,2000-11-15,"FALSE","FALSE","FALSE","FALSE","TRUE","FALSE","TRUE","358"
"588","VOY",7,8,6.7,2000-11-22,"TRUE","FALSE","FALSE","FALSE","TRUE","FALSE","TRUE","358"
"589","VOY",7,9,7.7,2000-11-29,"TRUE","FALSE","FALSE","FALSE","TRUE","FALSE","TRUE","358"
"590","VOY",7,10,7.7,2000-11-29,"FALSE","FALSE","FALSE","FALSE","TRUE","FALSE","TRUE","358"
"591","VOY",7,11,8.2,2001-01-17,"TRUE","FALSE","FALSE","FALSE","TRUE","FALSE","TRUE","358"
"592","VOY",7,12,7.1,2001-01-24,"TRUE","FALSE","FALSE","FALSE","TRUE","FALSE","TRUE","358"
"593","VOY",7,13,7.4,2001-01-31,"TRUE","FALSE","FALSE","FALSE","TRUE","FALSE","TRUE","358"
"594","VOY",7,14,7.4,2001-02-07,"TRUE","FALSE","FALSE","FALSE","TRUE","FALSE","TRUE","358"
"595","VOY",7,15,8.1,2001-02-14,"TRUE","FALSE","FALSE","FALSE","TRUE","FALSE","TRUE","358"
"596","VOY",7,16,7.8,2001-02-21,"TRUE","FALSE","FALSE","FALSE","TRUE","FALSE","TRUE","358"
"597","VOY",7,17,7.9,2001-02-28,"TRUE","TRUE","FALSE","FALSE","TRUE","FALSE","TRUE","358"
"598","VOY",7,18,7.4,2001-03-07,"TRUE","FALSE","FALSE","FALSE","TRUE","FALSE","TRUE","358"
"599","VOY",7,19,7.4,2001-04-11,"FALSE","FALSE","FALSE","FALSE","TRUE","FALSE","TRUE","358"
"600","VOY",7,20,8,2001-04-18,"TRUE","FALSE","FALSE","FALSE","TRUE","FALSE","TRUE","358"
"601","VOY",7,21,7.2,2001-04-25,"TRUE","FALSE","FALSE","FALSE","TRUE","FALSE","TRUE","358"
"602","VOY",7,22,7.2,2001-05-02,"TRUE","FALSE","FALSE","FALSE","TRUE","FALSE","TRUE","358"
"603","VOY",7,23,7.7,2001-05-09,"TRUE","FALSE","FALSE","FALSE","TRUE","FALSE","TRUE","358"
"604","VOY",7,24,7.7,2001-05-16,"FALSE","FALSE","FALSE","FALSE","TRUE","FALSE","TRUE","358"
"605","VOY",7,25,8.5,2001-05-23,"TRUE","FALSE","FALSE","FALSE","TRUE","FALSE","TRUE","358"
"606","VOY",7,26,8.5,2001-05-23,"FALSE","FALSE","FALSE","FALSE","TRUE","FALSE","TRUE","358"
"607","ENT",1,1,7.6,2001-09-26,"TRUE","FALSE","FALSE","TRUE","FALSE","FALSE","TRUE","358"
"608","ENT",1,2,7.9,2001-09-26,"FALSE","FALSE","FALSE","TRUE","FALSE","FALSE","TRUE","358"
"609","ENT",1,3,7.1,2001-10-03,"TRUE","FALSE","FALSE","TRUE","FALSE","FALSE","TRUE","358"
"610","ENT",1,4,7.1,2001-10-10,"TRUE","FALSE","FALSE","TRUE","FALSE","FALSE","TRUE","358"
"611","ENT",1,5,7.4,2001-10-17,"FALSE","FALSE","FALSE","TRUE","FALSE","FALSE","TRUE","358"
"612","ENT",1,6,6.6,2001-10-24,"FALSE","FALSE","FALSE","TRUE","FALSE","FALSE","TRUE","358"
"613","ENT",1,7,8.2,2001-10-31,"FALSE","TRUE","FALSE","TRUE","FALSE","FALSE","TRUE","358"
"614","ENT",1,8,7.3,2001-11-07,"FALSE","FALSE","FALSE","TRUE","FALSE","FALSE","TRUE","358"
"615","ENT",1,9,7.3,2001-11-14,"TRUE","FALSE","FALSE","TRUE","FALSE","FALSE","TRUE","358"
"616","ENT",1,10,6.6,2001-11-21,"FALSE","FALSE","FALSE","TRUE","FALSE","FALSE","TRUE","358"
"617","ENT",1,11,7.9,2001-11-28,"FALSE","FALSE","FALSE","TRUE","FALSE","FALSE","TRUE","358"
"618","ENT",1,12,7.7,2002-01-16,"FALSE","FALSE","FALSE","TRUE","FALSE","FALSE","TRUE","358"
"619","ENT",1,13,8.1,2002-01-23,"TRUE","FALSE","FALSE","TRUE","FALSE","FALSE","TRUE","358"
"620","ENT",1,14,7.3,2002-01-30,"TRUE","FALSE","FALSE","TRUE","FALSE","FALSE","TRUE","358"
"621","ENT",1,15,7.9,2002-02-06,"FALSE","FALSE","FALSE","TRUE","FALSE","FALSE","TRUE","358"
"622","ENT",1,16,7.5,2002-02-13,"FALSE","FALSE","FALSE","TRUE","FALSE","FALSE","TRUE","358"
"623","ENT",1,17,7.2,2002-02-27,"FALSE","FALSE","FALSE","TRUE","FALSE","FALSE","TRUE","358"
"624","ENT",1,18,6.7,2002-03-20,"TRUE","FALSE","FALSE","TRUE","FALSE","FALSE","TRUE","358"
"625","ENT",1,19,7.7,2002-03-27,"FALSE","FALSE","FALSE","TRUE","FALSE","FALSE","TRUE","358"
"626","ENT",1,20,7.2,2002-04-03,"TRUE","FALSE","FALSE","TRUE","FALSE","FALSE","TRUE","358"
"627","ENT",1,21,7.5,2002-04-24,"FALSE","FALSE","FALSE","TRUE","FALSE","FALSE","TRUE","358"
"628","ENT",1,22,6.9,2002-05-01,"TRUE","TRUE","FALSE","TRUE","FALSE","FALSE","TRUE","358"
"629","ENT",1,23,8.1,2002-05-08,"TRUE","FALSE","FALSE","TRUE","FALSE","FALSE","TRUE","358"
"630","ENT",1,24,7.1,2002-05-08,"TRUE","FALSE","FALSE","TRUE","FALSE","FALSE","TRUE","358"
"631","ENT",1,25,6.9,2002-05-15,"FALSE","FALSE","FALSE","TRUE","FALSE","FALSE","TRUE","358"
"632","ENT",1,26,8.5,2002-05-22,"FALSE","FALSE","FALSE","TRUE","FALSE","FALSE","TRUE","358"
"633","ENT",2,1,8.5,2002-09-18,"TRUE","FALSE","FALSE","TRUE","FALSE","FALSE","TRUE","358"
"634","ENT",2,2,8.5,2002-09-25,"TRUE","FALSE","FALSE","TRUE","FALSE","FALSE","TRUE","358"
"635","ENT",2,3,7.7,2002-10-02,"TRUE","FALSE","FALSE","TRUE","FALSE","FALSE","TRUE","358"
"636","ENT",2,4,8.2,2002-10-09,"FALSE","TRUE","FALSE","TRUE","FALSE","FALSE","TRUE","358"
"637","ENT",2,5,6.8,2002-10-16,"FALSE","FALSE","FALSE","TRUE","FALSE","FALSE","TRUE","358"
"638","ENT",2,6,6.8,2002-10-30,"FALSE","FALSE","FALSE","TRUE","FALSE","FALSE","TRUE","358"
"639","ENT",2,7,7,2002-11-06,"FALSE","FALSE","FALSE","TRUE","FALSE","FALSE","TRUE","358"
"640","ENT",2,8,7.1,2002-11-13,"TRUE","FALSE","FALSE","TRUE","FALSE","FALSE","TRUE","358"
"641","ENT",2,9,7.6,2002-11-20,"TRUE","FALSE","FALSE","TRUE","FALSE","FALSE","TRUE","358"
"642","ENT",2,10,7.1,2002-11-27,"TRUE","FALSE","FALSE","TRUE","FALSE","FALSE","TRUE","358"
"643","ENT",2,11,6.8,2002-12-11,"FALSE","FALSE","FALSE","TRUE","FALSE","FALSE","TRUE","358"
"644","ENT",2,12,7.7,2002-12-18,"FALSE","FALSE","FALSE","TRUE","FALSE","FALSE","TRUE","358"
"645","ENT",2,13,7.5,2003-01-08,"FALSE","TRUE","FALSE","TRUE","FALSE","FALSE","TRUE","358"
"646","ENT",2,14,7.6,2003-02-05,"TRUE","FALSE","FALSE","TRUE","FALSE","FALSE","TRUE","358"
"647","ENT",2,15,8.1,2003-02-12,"FALSE","FALSE","FALSE","TRUE","FALSE","FALSE","TRUE","358"
"648","ENT",2,16,8.3,2003-02-19,"FALSE","FALSE","FALSE","TRUE","FALSE","FALSE","TRUE","358"
"649","ENT",2,17,7,2003-02-26,"TRUE","FALSE","FALSE","TRUE","FALSE","FALSE","TRUE","358"
"650","ENT",2,18,7.1,2003-04-02,"FALSE","FALSE","FALSE","TRUE","FALSE","FALSE","TRUE","358"
"651","ENT",2,19,7.7,2003-04-09,"FALSE","FALSE","FALSE","TRUE","FALSE","FALSE","TRUE","358"
"652","ENT",2,20,6.8,2003-04-16,"FALSE","FALSE","FALSE","TRUE","FALSE","FALSE","TRUE","358"
"653","ENT",2,21,7.2,2003-04-23,"FALSE","FALSE","FALSE","TRUE","FALSE","FALSE","TRUE","358"
"654","ENT",2,22,7.9,2003-04-30,"FALSE","FALSE","FALSE","TRUE","FALSE","FALSE","TRUE","358"
"655","ENT",2,23,8.6,2003-05-07,"TRUE","FALSE","FALSE","TRUE","FALSE","FALSE","TRUE","358"
"656","ENT",2,24,7.7,2003-05-14,"FALSE","FALSE","FALSE","TRUE","FALSE","FALSE","TRUE","358"
"657","ENT",2,25,7.1,2003-05-14,"FALSE","TRUE","FALSE","TRUE","FALSE","FALSE","TRUE","358"
"658","ENT",2,26,8.4,2003-05-21,"FALSE","FALSE","FALSE","TRUE","FALSE","FALSE","TRUE","358"
"659","ENT",3,1,8,2003-09-10,"TRUE","FALSE","FALSE","TRUE","FALSE","FALSE","TRUE","358"
"660","ENT",3,2,8,2003-09-17,"TRUE","FALSE","FALSE","TRUE","FALSE","FALSE","TRUE","358"
"661","ENT",3,3,6.3,2003-09-24,"FALSE","FALSE","FALSE","TRUE","FALSE","FALSE","TRUE","358"
"662","ENT",3,4,7.2,2003-10-01,"TRUE","FALSE","FALSE","TRUE","FALSE","FALSE","TRUE","358"
"663","ENT",3,5,7.7,2003-10-08,"FALSE","FALSE","FALSE","TRUE","FALSE","FALSE","TRUE","358"
"664","ENT",3,6,7,2003-10-15,"FALSE","TRUE","FALSE","TRUE","FALSE","FALSE","TRUE","358"
"665","ENT",3,7,7.8,2003-10-29,"FALSE","FALSE","FALSE","TRUE","FALSE","FALSE","TRUE","358"
"666","ENT",3,8,8.8,2003-11-05,"TRUE","FALSE","FALSE","TRUE","FALSE","FALSE","TRUE","358"
"667","ENT",3,9,7.1,2003-11-12,"TRUE","FALSE","FALSE","TRUE","FALSE","FALSE","TRUE","358"
"668","ENT",3,10,8.5,2003-11-19,"FALSE","FALSE","FALSE","TRUE","FALSE","FALSE","TRUE","358"
"669","ENT",3,11,7.6,2003-11-26,"FALSE","FALSE","FALSE","TRUE","FALSE","FALSE","TRUE","358"
"670","ENT",3,12,7,2004-01-14,"FALSE","TRUE","FALSE","TRUE","FALSE","FALSE","TRUE","358"
"671","ENT",3,13,8.5,2004-01-21,"FALSE","FALSE","FALSE","TRUE","FALSE","FALSE","TRUE","358"
"672","ENT",3,14,8.3,2004-02-04,"TRUE","FALSE","FALSE","TRUE","FALSE","FALSE","TRUE","358"
"673","ENT",3,15,7.7,2004-02-11,"FALSE","FALSE","FALSE","TRUE","FALSE","FALSE","TRUE","358"
"674","ENT",3,16,7.6,2004-02-18,"FALSE","TRUE","FALSE","TRUE","FALSE","FALSE","TRUE","358"
"675","ENT",3,17,7,2004-02-25,"FALSE","FALSE","FALSE","TRUE","FALSE","FALSE","TRUE","358"
"676","ENT",3,18,8.7,2004-03-03,"TRUE","FALSE","FALSE","TRUE","FALSE","FALSE","TRUE","358"
"677","ENT",3,19,8.3,2004-04-21,"FALSE","FALSE","FALSE","TRUE","FALSE","FALSE","TRUE","358"
"678","ENT",3,20,8.1,2004-04-28,"FALSE","FALSE","FALSE","TRUE","FALSE","FALSE","TRUE","358"
"679","ENT",3,21,8,2004-05-05,"TRUE","TRUE","FALSE","TRUE","FALSE","FALSE","TRUE","358"
"680","ENT",3,22,8.5,2004-05-12,"FALSE","FALSE","FALSE","TRUE","FALSE","FALSE","TRUE","358"
"681","ENT",3,23,8.7,2004-05-19,"FALSE","FALSE","FALSE","TRUE","FALSE","FALSE","TRUE","358"
"682","ENT",3,24,8.7,2004-05-26,"TRUE","FALSE","FALSE","TRUE","FALSE","FALSE","TRUE","358"
"683","ENT",4,1,7.5,2004-10-08,"TRUE","FALSE","FALSE","TRUE","FALSE","FALSE","TRUE","358"
"684","ENT",4,2,7.5,2004-10-15,"FALSE","FALSE","FALSE","TRUE","FALSE","FALSE","TRUE","358"
"685","ENT",4,3,8.3,2004-10-22,"TRUE","FALSE","FALSE","TRUE","FALSE","FALSE","TRUE","358"
"686","ENT",4,4,8.1,2004-10-29,"FALSE","FALSE","FALSE","TRUE","FALSE","FALSE","TRUE","358"
"687","ENT",4,5,8.1,2004-11-05,"FALSE","FALSE","FALSE","TRUE","FALSE","FALSE","TRUE","358"
"688","ENT",4,6,8.2,2004-11-12,"FALSE","FALSE","FALSE","TRUE","FALSE","FALSE","TRUE","358"
"689","ENT",4,7,8.5,2004-11-19,"FALSE","FALSE","FALSE","TRUE","FALSE","FALSE","TRUE","358"
"690","ENT",4,8,8.3,2004-11-26,"TRUE","TRUE","FALSE","TRUE","FALSE","FALSE","TRUE","358"
"691","ENT",4,9,8.6,2004-12-03,"TRUE","FALSE","FALSE","TRUE","FALSE","FALSE","TRUE","358"
"692","ENT",4,10,6.5,2005-01-14,"FALSE","FALSE","FALSE","TRUE","FALSE","FALSE","TRUE","358"
"693","ENT",4,11,7.9,2005-01-21,"FALSE","FALSE","FALSE","TRUE","FALSE","FALSE","TRUE","358"
"694","ENT",4,12,8.6,2005-01-28,"FALSE","FALSE","FALSE","TRUE","TRUE","FALSE","TRUE","358"
"695","ENT",4,13,8.6,2005-02-04,"FALSE","FALSE","FALSE","TRUE","TRUE","FALSE","TRUE","358"
"696","ENT",4,14,8.4,2005-02-11,"TRUE","FALSE","FALSE","TRUE","TRUE","FALSE","TRUE","358"
"697","ENT",4,15,8.1,2005-02-18,"TRUE","FALSE","FALSE","TRUE","TRUE","FALSE","TRUE","358"
"698","ENT",4,16,8.2,2005-02-25,"TRUE","FALSE","FALSE","TRUE","TRUE","FALSE","TRUE","358"
"699","ENT",4,17,7.1,2005-04-15,"FALSE","FALSE","FALSE","TRUE","TRUE","FALSE","TRUE","358"
"700","ENT",4,18,8.7,2005-04-22,"FALSE","FALSE","FALSE","TRUE","TRUE","FALSE","TRUE","358"
"701","ENT",4,19,8.6,2005-04-29,"TRUE","FALSE","FALSE","TRUE","TRUE","FALSE","TRUE","358"
"702","ENT",4,20,7.9,2005-05-06,"TRUE","FALSE","FALSE","TRUE","TRUE","FALSE","TRUE","358"
"703","ENT",4,21,8.4,2005-05-13,"FALSE","FALSE","FALSE","TRUE","TRUE","FALSE","TRUE","358"
"704","ENT",4,22,5.3,2005-05-13,"FALSE","FALSE","FALSE","TRUE","TRUE","FALSE","TRUE","358"
